date,cumulative_return
2016-04-01,
2016-04-04,0.024312690230757772
2016-04-05,0.043054350946209796
2016-04-06,0.062195448628514116
2016-04-07,0.07205617638473893
2016-04-08,0.09064583054772668
2016-04-11,0.09472086306494387
2016-04-12,0.09869754636966488
2016-04-13,0.0975658576857168
2016-04-14,0.10454195267197908
2016-04-15,0.10303907225591269
2016-04-18,0.1019773714297092
2016-04-19,0.10636488475199668
2016-04-20,0.1023948981703866
2016-04-21,0.10548138111000793
2016-04-22,0.09146554925284756
2016-04-25,0.09808527144394441
2016-04-26,0.09451461798446847
2016-04-27,0.11226912134655298
2016-04-28,0.10355843792128194
2016-04-29,0.10906416076872305
2016-05-02,0.11369166475631909
2016-05-03,0.12920272655180165
2016-05-04,0.13996991665503344
2016-05-05,0.10781492370559853
2016-05-06,0.1109073828752487
2016-05-09,0.09600504054302039
2016-05-10,0.08526666495034063
2016-05-11,0.08411881265737597
2016-05-12,0.08056810123943037
2016-05-13,-0.0009920615160901036
2016-05-16,-0.014308367312709458
2016-05-17,-0.02385170229195177
2016-05-18,-0.021058992192649506
2016-05-19,-0.013549854135194273
2016-05-20,-0.01072106411991447
2016-05-23,-0.020727336755017256
2016-05-24,-0.02863464959590667
2016-05-25,-0.023144651855810716
2016-05-26,-0.01611809190311697
2016-05-27,-0.02330736179170856
2016-05-31,-0.031546705085399696
2016-06-01,-0.04036278731355336
2016-06-02,-0.04501480939714375
2016-06-03,-0.038346204051924127
2016-06-06,-0.032096030736916914
2016-06-07,-0.05728665822099599
2016-06-08,-0.06498186472094258
2016-06-09,-0.08961313099024104
2016-06-10,-0.08043186090003396
2016-06-13,-0.08889630430225626
2016-06-14,-0.09577373697972391
2016-06-15,-0.09474562039305157
2016-06-16,-0.09580337439973952
2016-06-17,-0.09890033432597145
2016-06-20,-0.09836226246002366
2016-06-21,-0.0958427953902814
2016-06-22,-0.14269576500055858
2016-06-23,-0.15474950063001303
2016-06-24,-0.17199478987472427
2016-06-27,-0.15604204505047836
2016-06-28,-0.15561897673887426
2016-06-29,-0.14478776486806166
2016-06-30,-0.14390728171644396
2016-07-01,-0.1320697405971779
2016-07-05,-0.14356424149610825
2016-07-06,-0.14558180310102686
2016-07-07,-0.15354757044401834
2016-07-08,-0.16883028199515693
2016-07-11,-0.1631602378922713
2016-07-12,-0.16960912969397113
2016-07-13,-0.1735456825277648
2016-07-14,-0.1795291301817793
2016-07-15,-0.17693922552963248
2016-07-18,-0.16792404879477585
2016-07-19,-0.17422495145701422
2016-07-20,-0.1738753254956582
2016-07-21,-0.18033416145834624
2016-07-22,-0.1883414251265616
2016-07-25,-0.1817695875359291
2016-07-26,-0.18953346701259144
2016-07-27,-0.18725289990809046
2016-07-28,-0.18437740575151995
2016-07-29,-0.18377842513163267
2016-08-01,-0.18947568401229475
2016-08-02,-0.18947213611463576
2016-08-03,-0.19287071263952715
2016-08-04,-0.19187374223023224
2016-08-05,-0.1998008954908176
2016-08-08,-0.21017208765809914
2016-08-09,-0.2061598872969319
2016-08-10,-0.20936665695783707
2016-08-11,-0.21863774808786818
2016-08-12,-0.2392806000356682
2016-08-15,-0.23908530718945709
2016-08-16,-0.24020982670315938
2016-08-17,-0.2319234527860985
2016-08-18,-0.23734364775405303
2016-08-19,-0.23581102213225036
2016-08-22,-0.2410767242985945
2016-08-23,-0.24080059245676988
2016-08-24,-0.2386596537964626
2016-08-25,-0.23898166699231171
2016-08-26,-0.24367856784794417
2016-08-29,-0.25165596306297777
2016-08-30,-0.2564204860994237
2016-08-31,-0.25327104541109446
2016-09-01,-0.2841981811870202
2016-09-02,-0.28608910565969026
2016-09-06,-0.2802148266065324
2016-09-07,-0.2768775171547958
2016-09-08,-0.28727616061952244
2016-09-09,-0.27488985523738474
2016-09-12,-0.27518840681178536
2016-09-13,-0.2739637926281374
2016-09-14,-0.2765031970074756
2016-09-15,-0.28301207073495893
2016-09-16,-0.2748015142231127
2016-09-19,-0.27806176804064475
2016-09-20,-0.27756942537193463
2016-09-21,-0.2868105705984493
2016-09-22,-0.28559359027273923
2016-09-23,-0.28338181517051686
2016-09-26,-0.2773478223784537
2016-09-27,-0.2951791501769008
2016-09-28,-0.2957010883775053
2016-09-29,-0.30841898604132767
2016-09-30,-0.30852482566813
2016-10-03,-0.29171975212148016
2016-10-04,-0.29489163355986103
2016-10-05,-0.29939978018599656
2016-10-06,-0.30733487218956124
2016-10-07,-0.31239801005058965
2016-10-10,-0.3060459611873153
2016-10-11,-0.30247530025596625
2016-10-12,-0.30173368238291487
2016-10-13,-0.2981736978121797
2016-10-14,-0.30818686815132523
2016-10-17,-0.3105441104459259
2016-10-18,-0.3067696840157156
2016-10-19,-0.2983527951045719
2016-10-20,-0.31270808744042633
2016-10-21,-0.30996795731964255
2016-10-24,-0.3215657861790642
2016-10-25,-0.32773026779066916
2016-10-26,-0.32940161590170747
2016-10-27,-0.31947782207843944
2016-10-28,-0.3256451766497277
2016-10-31,-0.3323288722202917
2016-11-01,-0.3341347115542562
2016-11-02,-0.33757858315869327
2016-11-03,-0.3347181626597575
2016-11-04,-0.32736257811333647
2016-11-07,-0.3410913398256784
2016-11-08,-0.33758619935485146
2016-11-09,-0.34019108781550744
2016-11-10,-0.338200788248451
2016-11-11,-0.43092626090499186
2016-11-14,-0.42771094326435866
2016-11-15,-0.43283198543050905
2016-11-16,-0.4503682428285096
2016-11-17,-0.44562604182502474
2016-11-18,-0.4538875589378282
2016-11-21,-0.4535698644817141
2016-11-22,-0.4456196989643534
2016-11-23,-0.44409455386038166
2016-11-25,-0.43964381220848536
2016-11-28,-0.4402709901485571
2016-11-29,-0.4470893369351687
2016-11-30,-0.44420073230690404
2016-12-01,-0.441421253063611
2016-12-02,-0.4446315851848204
2016-12-05,-0.447320383805314
2016-12-06,-0.4532365427093019
2016-12-07,-0.44736435651703244
2016-12-08,-0.4440056049369102
2016-12-09,-0.43920611257824027
2016-12-12,-0.4320132578145407
2016-12-13,-0.4285998612359154
2016-12-14,-0.4443651483671237
2016-12-15,-0.4524678434866721
2016-12-16,-0.45040130754804086
2016-12-19,-0.4534091902876638
2016-12-20,-0.45473893046542135
2016-12-21,-0.4578333937913831
2016-12-22,-0.46018326988613667
2016-12-23,-0.4606045032938184
2016-12-27,-0.47124407782259303
2016-12-28,-0.4528718091735532
2016-12-29,-0.46455306822489106
2016-12-30,-0.45456748996773855
2017-01-03,-0.43821909274406656
2017-01-04,-0.4318651106804048
2017-01-05,-0.42498366221505335
2017-01-06,-0.4259168539752216
2017-01-09,-0.4347034944532999
2017-01-10,-0.4342869703905673
2017-01-11,-0.43101944147431837
2017-01-12,-0.42657326891226255
2017-01-13,-0.4162704872255537
2017-01-17,-0.41240882324893524
2017-01-18,-0.4142388545717931
2017-01-19,-0.4139582515012471
2017-01-20,-0.40963647783710133
2017-01-23,-0.40756613225979377
2017-01-24,-0.4070962515473725
2017-01-25,-0.4085994160562495
2017-01-26,-0.41589461805233674
2017-01-27,-0.42112438385454887
2017-01-30,-0.41924682849796413
2017-01-31,-0.4155021308004614
2017-02-01,-0.4313328267546467
2017-02-02,-0.4323454738559873
2017-02-03,-0.4301026232213049
2017-02-06,-0.4300727390937087
2017-02-07,-0.43484306720789867
2017-02-08,-0.4285370340701171
2017-02-09,-0.41538895032834877
2017-02-10,-0.40842100418507576
2017-02-13,-0.3822924018538505
2017-02-14,-0.3830368394172883
2017-02-15,-0.38494650057308244
2017-02-16,-0.39190785452491983
2017-02-17,-0.3881941852594696
2017-02-21,-0.3932839098586597
2017-02-22,-0.39708886200244753
2017-02-23,-0.3884720862353622
2017-02-24,-0.39023307119103834
2017-02-27,-0.41190543444192584
2017-02-28,-0.3990730913325895
2017-03-01,-0.40299998151520067
2017-03-02,-0.39137617651528733
2017-03-03,-0.3883187578449644
2017-03-06,-0.3863621261721115
2017-03-07,-0.39299019611504193
2017-03-08,-0.3944730024178885
2017-03-09,-0.39688289537824994
2017-03-10,-0.40011633410950576
2017-03-13,-0.40541537480179435
2017-03-14,-0.39088560326967126
2017-03-15,-0.39586474521764947
2017-03-16,-0.3921083164798258
2017-03-17,-0.39940086365986305
2017-03-20,-0.4084463910029734
2017-03-21,-0.4115997962079643
2017-03-22,-0.41248180859525696
2017-03-23,-0.4101127861920032
2017-03-24,-0.4014108902537643
2017-03-27,-0.39552167910762837
2017-03-28,-0.3859629970333365
2017-03-29,-0.3850056396269226
2017-03-30,-0.3903315851968291
2017-03-31,-0.38856444659751166
2017-04-03,-0.41256225991882256
2017-04-04,-0.43832699142002696
2017-04-05,-0.444618503783506
2017-04-06,-0.443171193138308
2017-04-07,-0.43835950104920396
2017-04-10,-0.4220608123615617
2017-04-11,-0.41787161094349423
2017-04-12,-0.42695794595164926
2017-04-13,-0.4395376039354907
2017-04-17,-0.45312970779341555
2017-04-18,-0.4543163600663216
2017-04-19,-0.45825895924735394
2017-04-20,-0.4655006769836373
2017-04-21,-0.4674275206997781
2017-04-24,-0.4689753252562161
2017-04-25,-0.46861154055885357
2017-04-26,-0.4698209769903713
2017-04-27,-0.4646316692010207
2017-04-28,-0.4567856544881278
2017-05-01,-0.4553349117858675
2017-05-02,-0.45058604747618725
2017-05-03,-0.4420444391653119
2017-05-04,-0.45520402957502293
2017-05-05,-0.44331073276420196
2017-05-08,-0.44143234383085694
2017-05-09,-0.42908116015267594
2017-05-10,-0.47651319477778686
2017-05-11,-0.4894167367007599
2017-05-12,-0.49093037770004333
2017-05-15,-0.5106753352343083
2017-05-16,-0.514384020841814
2017-05-17,-0.5065445084551845
2017-05-18,-0.5112769373895976
2017-05-19,-0.5186817667473523
2017-05-22,-0.5242149948190442
2017-05-23,-0.5260022799398463
2017-05-24,-0.5237037696202969
2017-05-25,-0.5180686093675013
2017-05-26,-0.5179614256832623
2017-05-30,-0.5157415157596883
2017-05-31,-0.5105909732314853
2017-06-01,-0.5110538171690029
2017-06-02,-0.510253688830024
2017-06-05,-0.51232945181734
2017-06-06,-0.5073197753066133
2017-06-07,-0.5055455410827159
2017-06-08,-0.5163634775025778
2017-06-09,-0.509038117581891
2017-06-12,-0.508471873942469
2017-06-13,-0.49920238119657256
2017-06-14,-0.496601320058489
2017-06-15,-0.5011877860828726
2017-06-16,-0.5026154787486212
2017-06-19,-0.512992073500459
2017-06-20,-0.511068529633181
2017-06-21,-0.5119960349600778
2017-06-22,-0.50629654363586
2017-06-23,-0.4986818331204077
2017-06-26,-0.499868017113971
2017-06-27,-0.5006964425094987
2017-06-28,-0.5034213209115717
2017-06-29,-0.502148748300058
2017-06-30,-0.49791529432158266
2017-07-03,-0.49507671981064405
2017-07-05,-0.5201090103320234
2017-07-06,-0.5342479407181144
2017-07-07,-0.5362707264896212
2017-07-10,-0.5276576128781824
2017-07-11,-0.5326468072563113
2017-07-12,-0.5243265137357961
2017-07-13,-0.5261845164574084
2017-07-14,-0.5293802923378768
2017-07-17,-0.524765489264675
2017-07-18,-0.528691632914043
2017-07-19,-0.5278140486397058
2017-07-20,-0.5277239663911105
2017-07-21,-0.5257722887228945
2017-07-24,-0.5387743512656453
2017-07-25,-0.5378734608086055
2017-07-26,-0.5381012975700271
2017-07-27,-0.5394012978082146
2017-07-28,-0.5360758500356784
2017-07-31,-0.5306783068497511
2017-08-01,-0.5250415935513634
2017-08-02,-0.5204693517340291
2017-08-03,-0.5079480660323268
2017-08-04,-0.5140809090668619
2017-08-07,-0.505480521527421
2017-08-08,-0.4958250404700676
2017-08-09,-0.49226877661750135
2017-08-10,-0.49740801611031626
2017-08-11,-0.5125662819393861
2017-08-14,-0.497167283632168
2017-08-15,-0.4982681845980722
2017-08-16,-0.5014119365897072
2017-08-17,-0.49942345914560504
2017-08-18,-0.49619219126901515
2017-08-21,-0.49289683453341304
2017-08-22,-0.4899053017367806
2017-08-23,-0.49335352695499857
2017-08-24,-0.4943997104331954
2017-08-25,-0.4930032547911466
2017-08-28,-0.48944962233127987
2017-08-29,-0.4911398076604353
2017-08-30,-0.49390213936730465
2017-08-31,-0.49010847002497027
2017-09-01,-0.4882205315620045
2017-09-05,-0.49084674569953346
2017-09-06,-0.4872898336821435
2017-09-07,-0.4906211478588214
2017-09-08,-0.48983525037990516
2017-09-11,-0.49664782862639045
2017-09-12,-0.49508965639830316
2017-09-13,-0.4963668043665117
2017-09-14,-0.50565164244986
2017-09-15,-0.4914238190667617
2017-09-18,-0.4987177595045078
2017-09-19,-0.49279386406514214
2017-09-20,-0.49406441852683325
2017-09-21,-0.49592858834104303
2017-09-22,-0.4878276845741387
2017-09-25,-0.4947833107778189
2017-09-26,-0.4936058668426474
2017-09-27,-0.4848569818115497
2017-09-28,-0.48394447647157446
2017-09-29,-0.48050626316367095
2017-10-02,-0.48054348379935297
2017-10-03,-0.47637144281430344
2017-10-04,-0.4733905960010525
2017-10-05,-0.4729690832235999
2017-10-06,-0.4725903779371061
2017-10-09,-0.4566108118582972
2017-10-10,-0.45208497009560855
2017-10-11,-0.4487204687747951
2017-10-12,-0.44938467456157527
2017-10-13,-0.45487411030143254
2017-10-16,-0.44668076118169553
2017-10-17,-0.44265928323074033
2017-10-18,-0.4462780777321166
2017-10-19,-0.45293432097412545
2017-10-20,-0.4492260790905871
2017-10-23,-0.44317064932167083
2017-10-24,-0.4405080348186474
2017-10-25,-0.4380458870585786
2017-10-26,-0.4353944275843331
2017-10-27,-0.4219237742783414
2017-10-30,-0.4183811857826726
2017-10-31,-0.42456393796842273
2017-11-01,-0.41492741584047366
2017-11-02,-0.39682755657779956
2017-11-03,-0.39428183877499545
2017-11-06,-0.3899536886371897
2017-11-07,-0.3897730961501854
2017-11-08,-0.3922056178224861
2017-11-09,-0.3963842691670644
2017-11-10,-0.3804996446714609
2017-11-13,-0.39824345536097894
2017-11-14,-0.38961345081930876
2017-11-15,-0.39817672394340997
2017-11-16,-0.39701663860147596
2017-11-17,-0.39982286195468997
2017-11-20,-0.3899717115159078
2017-11-21,-0.39609642405756584
2017-11-22,-0.3925086626009865
2017-11-24,-0.3925219870217804
2017-11-27,-0.3976985888854834
2017-11-28,-0.39246583088650844
2017-11-29,-0.40378433719215456
2017-11-30,-0.3985419964744841
2017-12-01,-0.4008236114293101
2017-12-04,-0.41620792376931526
2017-12-05,-0.41306559958200817
2017-12-06,-0.41995936386188737
2017-12-07,-0.41386972059987337
2017-12-08,-0.4183446189950609
2017-12-11,-0.42619922596090054
2017-12-12,-0.4102510774693413
2017-12-13,-0.40478860944177497
2017-12-14,-0.4062419018658283
2017-12-15,-0.4094666110470049
2017-12-18,-0.4232008037524245
2017-12-19,-0.4195287058546803
2017-12-20,-0.42275054385772914
2017-12-21,-0.4190306718025594
2017-12-22,-0.41455857136643104
2017-12-26,-0.4042297018398193
2017-12-27,-0.39928681170732194
2017-12-28,-0.4025640653364898
2017-12-29,-0.4046468343813029
2018-01-02,-0.40440115145963995
2018-01-03,-0.38177378380928695
2018-01-04,-0.3775684486158577
2018-01-05,-0.37690434503540704
2018-01-08,-0.3868243590257947
2018-01-09,-0.38446171232398973
2018-01-10,-0.38307359216328407
2018-01-11,-0.3854180000816101
2018-01-12,-0.3853471205973058
2018-01-16,-0.3928150221460117
2018-01-17,-0.39278936178094426
2018-01-18,-0.3909024424870512
2018-01-19,-0.38804464678702244
2018-01-22,-0.38459532698001375
2018-01-23,-0.37880211567940525
2018-01-24,-0.3767759940003951
2018-01-25,-0.3686486220056373
2018-01-26,-0.36418257002692134
2018-01-29,-0.3657744774153583
2018-01-30,-0.3677130332053651
2018-01-31,-0.37147053547439546
2018-02-01,-0.37374813395843753
2018-02-02,-0.3779363706307657
2018-02-05,-0.39472704483831067
2018-02-06,-0.378648362678516
2018-02-07,-0.38444769326537165
2018-02-08,-0.37306461668041146
2018-02-09,-0.34730804183200936
2018-02-12,-0.35857783113963304
2018-02-13,-0.3601947790589204
2018-02-14,-0.34673405803616686
2018-02-15,-0.3518117789176466
2018-02-16,-0.3566511087491686
2018-02-20,-0.3490780244795283
2018-02-21,-0.3575321756007457
2018-02-22,-0.368914076094204
2018-02-23,-0.36932208974901537
2018-02-26,-0.3733028235031538
2018-02-27,-0.3683290785461456
2018-02-28,-0.36639091861492445
2018-03-01,-0.3679903400580763
2018-03-02,-0.3661010381070625
2018-03-05,-0.3656185235835234
2018-03-06,-0.351963386101795
2018-03-07,-0.35643888391776657
2018-03-08,-0.354259281861227
2018-03-09,-0.3467867151702073
2018-03-12,-0.359180694836289
2018-03-13,-0.35841725869179286
2018-03-14,-0.3428348866289763
2018-03-15,-0.34100774335479955
2018-03-16,-0.33514764703721356
2018-03-19,-0.33970031531295264
2018-03-20,-0.32478615208036077
2018-03-21,-0.33265975591881103
2018-03-22,-0.3338405368602211
2018-03-23,-0.3379417949583575
2018-03-26,-0.32446940786350853
2018-03-27,-0.32289644563265396
2018-03-28,-0.3031897275574167
2018-03-29,-0.29838535318758264
2018-04-02,-0.3007473506931092
2018-04-03,-0.28675513722863577
2018-04-04,-0.2622880644201173
2018-04-05,-0.2302380142763204
2018-04-06,-0.22588231188269492
2018-04-09,-0.24045403648403196
2018-04-10,-0.24276954549013297
2018-04-11,-0.24469462847622403
2018-04-12,-0.26726446816572647
2018-04-13,-0.254592611623886
2018-04-16,-0.265928402951885
2018-04-17,-0.27992046042399643
2018-04-18,-0.2710475010244803
2018-04-19,-0.2514155547081588
2018-04-20,-0.26316079645871193
2018-04-23,-0.26406768569234007
2018-04-24,-0.25956551990604226
2018-04-25,-0.2555927775798372
2018-04-26,-0.26396931889841035
2018-04-27,-0.2546726879504917
2018-04-30,-0.2525712273392494
2018-05-01,-0.24859768784979652
2018-05-02,-0.24571967518427662
2018-05-03,-0.21405652377577267
2018-05-04,-0.2171549260174339
2018-05-07,-0.21296211973365198
2018-05-08,-0.20915881789797408
2018-05-09,-0.20707297554805637
2018-05-10,-0.1980047826781539
2018-05-11,-0.20139829673231557
2018-05-14,-0.18807405411975908
2018-05-15,-0.19278107627775376
2018-05-16,-0.19533111891353727
2018-05-17,-0.18981602962906108
2018-05-18,-0.18174793993794092
2018-05-21,-0.19590056104008646
2018-05-22,-0.18503175800113458
2018-05-23,-0.18263916715124506
2018-05-24,-0.1806378699833967
2018-05-25,-0.17944688758694116
2018-05-29,-0.18786041720449986
2018-05-30,-0.19206529188409804
2018-05-31,-0.18361140307742685
2018-06-01,-0.18502143026294304
2018-06-04,-0.18045339141918315
2018-06-05,-0.17239405992684664
2018-06-06,-0.21258434077271293
2018-06-07,-0.21168788256680926
2018-06-08,-0.21460216910522945
2018-06-11,-0.23493978217662415
2018-06-12,-0.24431869346575052
2018-06-13,-0.2468250264175803
2018-06-14,-0.2544705778518068
2018-06-15,-0.25725270977205716
2018-06-18,-0.27060565077055654
2018-06-19,-0.2594034607600837
2018-06-20,-0.26651818339566946
2018-06-21,-0.25890576704740376
2018-06-22,-0.25296103015562454
2018-06-25,-0.26989020862285806
2018-06-26,-0.27536073772578606
2018-06-27,-0.28739011983232265
2018-06-28,-0.2852510556566775
2018-06-29,-0.2839867715796711
2018-07-02,-0.26770710183829505
2018-07-03,-0.24937337852087615
2018-07-05,-0.23804492848530034
2018-07-06,-0.2304832785564931
2018-07-09,-0.23944295683316374
2018-07-10,-0.23806920438997714
2018-07-11,-0.24255179833983154
2018-07-12,-0.2512888426138181
2018-07-13,-0.25704553463721114
2018-07-16,-0.2485080834052602
2018-07-17,-0.2554583663633314
2018-07-18,-0.2597547492961464
2018-07-19,-0.2550885400521198
2018-07-20,-0.26147580058712183
2018-07-23,-0.25176235100004796
2018-07-24,-0.25815313213954083
2018-07-25,-0.24880878956877917
2018-07-26,-0.24223217474029546
2018-07-27,-0.23474190820821716
2018-07-30,-0.23768373113885977
2018-07-31,-0.247010785123848
2018-08-01,-0.2479356731511585
2018-08-02,-0.3024656806361845
2018-08-03,-0.2990649575782778
2018-08-06,-0.2901481833462727
2018-08-07,-0.3250965733637391
2018-08-08,-0.3149188186891757
2018-08-09,-0.301004556055523
2018-08-10,-0.3062664432317417
2018-08-13,-0.30752076117948757
2018-08-14,-0.32319940400241276
2018-08-15,-0.3288832905637502
2018-08-16,-0.3300003914546634
2018-08-17,-0.3434476604490103
2018-08-20,-0.3443513480199043
2018-08-21,-0.33731815561710365
2018-08-22,-0.3249703191427603
2018-08-23,-0.3182132195941725
2018-08-24,-0.31424026532372773
2018-08-27,-0.3057985847928124
2018-08-28,-0.29967394320420915
2018-08-29,-0.3131342200543993
2018-08-30,-0.31438202196180354
2018-08-31,-0.3196488300315923
2018-09-04,-0.3376136379589785
2018-09-05,-0.3346681040456895
2018-09-06,-0.32790178830599237
2018-09-07,-0.3080934894957357
2018-09-10,-0.3337003082205502
2018-09-11,-0.32897903604869627
2018-09-12,-0.3479678900455613
2018-09-13,-0.34292744353162374
2018-09-14,-0.34328805964000053
2018-09-17,-0.3458613430513746
2018-09-18,-0.3383670560264841
2018-09-19,-0.3535186264238729
2018-09-20,-0.3595389210750948
2018-09-21,-0.3637590257855122
2018-09-24,-0.3616509978721414
2018-09-25,-0.3597914070260957
2018-09-26,-0.37071379763705925
2018-09-27,-0.3680388508104131
2018-09-28,-0.30803385707637454
2018-10-01,-0.2586505822089097
2018-10-02,-0.26646952760548426
2018-10-03,-0.2743642795233129
2018-10-04,-0.28091347220118257
2018-10-05,-0.29417633436447665
2018-10-08,-0.3041295065360692
2018-10-09,-0.2868683616218919
2018-10-10,-0.26823406057486376
2018-10-11,-0.25910363144073056
2018-10-12,-0.2674800862204554
2018-10-15,-0.2497781883229555
2018-10-16,-0.24182029888777978
2018-10-17,-0.24416497208232135
2018-10-18,-0.24959079762356073
2018-10-19,-0.23896456709188696
2018-10-22,-0.2409785796885091
2018-10-23,-0.30631152083468594
2018-10-24,-0.33361672076609794
2018-10-25,-0.34997281135096525
2018-10-26,-0.3187832446094926
2018-10-29,-0.29294464914857343
2018-10-30,-0.25492636877287056
2018-10-31,-0.24893718058488157
2018-11-01,-0.25450868673444227
2018-11-02,-0.24675146273529236
2018-11-05,-0.24667961790541826
2018-11-06,-0.24576761245608036
2018-11-07,-0.24281188771443651
2018-11-08,-0.22548916025036347
2018-11-09,-0.2258737571036663
2018-11-12,-0.21671582167694836
2018-11-13,-0.22809350015596552
2018-11-14,-0.218028534444892
2018-11-15,-0.22330903607452324
2018-11-16,-0.3031479764732201
2018-11-19,-0.3440782968938991
2018-11-20,-0.32864255078707694
2018-11-21,-0.3294780811834561
2018-11-23,-0.31657032374158256
2018-11-26,-0.3147852056078929
2018-11-27,-0.31829571406643964
2018-11-28,-0.3284425859995732
2018-11-29,-0.32956360373867555
2018-11-30,-0.32606081311530866
2018-12-03,-0.3323348981226061
2018-12-04,-0.3057859354287855
2018-12-06,-0.30512793340167377
2018-12-07,-0.2866335580795262
2018-12-10,-0.2897069010397051
2018-12-11,-0.30022157591129306
2018-12-12,-0.3024430825857861
2018-12-13,-0.29265873771625606
2018-12-14,-0.2973004501555062
2018-12-17,-0.30704586744240026
2018-12-18,-0.2879928554222746
2018-12-19,-0.30412310575748935
2018-12-20,-0.2943494719171369
2018-12-21,-0.3136996528864723
2018-12-24,-0.2940593222289999
2018-12-26,-0.314040341034748
2018-12-27,-0.3085530997865452
2018-12-28,-0.3214745729430929
2018-12-31,-0.3206995813444017
2019-01-02,-0.35106081385055177
2019-01-03,-0.34167671738438987
2019-01-04,-0.34374929204608295
2019-01-07,-0.3432990463156028
2019-01-08,-0.3347888033167219
2019-01-09,-0.3317517782735223
2019-01-10,-0.33186469078770864
2019-01-11,-0.32583055888900925
2019-01-14,-0.34231438683729265
2019-01-15,-0.3312117423966897
2019-01-16,-0.3272992662948361
2019-01-17,-0.3325463656811024
2019-01-18,-0.278061428743943
2019-01-22,-0.2928991542225129
2019-01-23,-0.2782581585923716
2019-01-24,-0.26249931428954576
2019-01-25,-0.2641293800667559
2019-01-28,-0.3140999177338911
2019-01-29,-0.33128444646452637
2019-01-30,-0.3293440273939999
2019-01-31,-0.3118826688477264
2019-02-01,-0.31538189323575205
2019-02-04,-0.30562754286655014
2019-02-05,-0.31313730580722265
2019-02-06,-0.3018010469508092
2019-02-07,-0.3038219492074503
2019-02-08,-0.30017207392946277
2019-02-11,-0.31222298851505204
2019-02-12,-0.300004310540399
2019-02-13,-0.29200760595304875
2019-02-14,-0.2831123919710359
2019-02-15,-0.2814127247156646
2019-02-19,-0.2804623074528563
2019-02-20,-0.27239541495801944
2019-02-21,-0.26514601242386615
2019-02-22,-0.26144977107530376
2019-02-25,-0.2677596101152572
2019-02-26,-0.2702679059738611
2019-02-27,-0.2948921678677261
2019-02-28,-0.30292594058990474
2019-03-01,-0.27059096023007123
2019-03-04,-0.2581670985328295
2019-03-05,-0.24736997920398318
2019-03-06,-0.2576194770420105
2019-03-07,-0.2649678837717335
2019-03-08,-0.2715405870518909
2019-03-11,-0.2549039389795654
2019-03-12,-0.24205542634791977
2019-03-13,-0.2352550668490868
2019-03-14,-0.24352887501677545
2019-03-15,-0.21490385554916147
2019-03-18,-0.20839427425229784
2019-03-19,-0.18956158953809055
2019-03-20,-0.20192266053563734
2019-03-21,-0.18068398035766753
2019-03-22,-0.18084724244664785
2019-03-25,-0.18303768712153978
2019-03-26,-0.1872741179390629
2019-03-27,-0.1989216911133438
2019-03-28,-0.20271505190622163
2019-03-29,-0.19930946731990762
2019-04-01,-0.1924722226967408
2019-04-02,-0.19868621358534921
2019-04-03,-0.20264395916303346
2019-04-04,-0.23470781322566892
2019-04-05,-0.2299281907787778
2019-04-08,-0.23411295255989795
2019-04-09,-0.23028510662842272
2019-04-10,-0.2308027251821837
2019-04-11,-0.2403103071278111
2019-04-12,-0.23829296811573097
2019-04-15,-0.22951085882203726
2019-04-16,-0.2267352298012797
2019-04-17,-0.22784406194132634
2019-04-18,-0.22296809043870114
2019-04-22,-0.2423502128033329
2019-04-23,-0.24516148466710375
2019-04-24,-0.25360562195079106
2019-04-25,-0.24633189666030497
2019-04-26,-0.24510760947476984
2019-04-29,-0.25262126406256236
2019-04-30,-0.24488457726920954
2019-05-01,-0.2515720973449007
2019-05-02,-0.241050897803761
2019-05-03,-0.22371724928324277
2019-05-06,-0.2164868090419797
2019-05-07,-0.21453113668531376
2019-05-08,-0.21988842044242896
2019-05-09,-0.21613813038217589
2019-05-10,-0.2169678038860835
2019-05-13,-0.21330880402691632
2019-05-14,-0.21303732782891194
2019-05-15,-0.20767784887157836
2019-05-16,-0.21545290433892483
2019-05-17,-0.23618782010696815
2019-05-20,-0.23475068861527904
2019-05-21,-0.24361286421645378
2019-05-22,-0.2594005084224249
2019-05-23,-0.242234823800623
2019-05-24,-0.24605764687043985
2019-05-28,-0.245174489272735
2019-05-29,-0.23501269798685165
2019-05-30,-0.23534160326892017
2019-05-31,-0.23160085778828554
2019-06-03,-0.2396613001933675
2019-06-04,-0.2347530080343051
2019-06-05,-0.2242230415018076
2019-06-06,-0.21260657159958696
2019-06-07,-0.22012731877657832
2019-06-10,-0.21201281765689461
2019-06-11,-0.21040800054519027
2019-06-12,-0.21273794822324377
2019-06-13,-0.20951700558865138
2019-06-14,-0.19800437363590084
2019-06-17,-0.18014530015173125
2019-06-18,-0.20296415599809348
2019-06-19,-0.20050968305441064
2019-06-20,-0.21515962901153896
2019-06-21,-0.20519499744581382
2019-06-24,-0.20434303481039928
2019-06-25,-0.20818578762917772
2019-06-26,-0.22937776269627252
2019-06-27,-0.23274447898213968
2019-06-28,-0.23405030199999843
2019-07-01,-0.23217915425508762
2019-07-02,-0.23723893691237297
2019-07-03,-0.22127161024887831
2019-07-05,-0.21818948124627358
2019-07-08,-0.21545350573438837
2019-07-09,-0.2162401511006723
2019-07-10,-0.20795639333773697
2019-07-11,-0.22381353730040088
2019-07-12,-0.21637399400036827
2019-07-15,-0.20216832137705953
2019-07-16,-0.20345873032016548
2019-07-17,-0.20586170127496328
2019-07-18,-0.20895395747237577
2019-07-19,-0.19770090357888004
2019-07-22,-0.20849456795865662
2019-07-23,-0.21156937245037766
2019-07-24,-0.21111596008586742
2019-07-25,-0.25317270848682705
2019-07-26,-0.24863273713893475
2019-07-29,-0.26187716431723784
2019-07-30,-0.2707696974924072
2019-07-31,-0.25815866216557104
2019-08-01,-0.261747016051771
2019-08-02,-0.2525887151591416
2019-08-05,-0.23813072323212414
2019-08-06,-0.23793959162439637
2019-08-07,-0.2374566800149136
2019-08-08,-0.24023724367491184
2019-08-09,-0.23573987614683156
2019-08-12,-0.23871339712279172
2019-08-13,-0.2402720081549291
2019-08-14,-0.25064765990483207
2019-08-15,-0.25411352652282637
2019-08-16,-0.2737105725116076
2019-08-19,-0.2879023299113508
2019-08-20,-0.2833909232846066
2019-08-21,-0.29849277616861225
2019-08-22,-0.29697333305523343
2019-08-23,-0.2988684369363076
2019-08-26,-0.298323999818083
2019-08-27,-0.3045969202737605
2019-08-28,-0.3016190805355604
2019-08-29,-0.3041591931177532
2019-08-30,-0.29912830505523935
2019-09-03,-0.29307845415371625
2019-09-04,-0.30975686439678785
2019-09-05,-0.3015639442702259
2019-09-06,-0.3004332652541828
2019-09-09,-0.2977147006440235
2019-09-10,-0.2972748188873705
2019-09-11,-0.28220506208203455
2019-09-12,-0.2839133036528293
2019-09-13,-0.2803432298415601
2019-09-16,-0.28044576877064986
2019-09-17,-0.27919759987451986
2019-09-18,-0.2789359226870657
2019-09-19,-0.268297403118292
2019-09-20,-0.2683649531206951
2019-09-23,-0.2719441043710693
2019-09-24,-0.2943574108962492
2019-09-25,-0.2973554738344726
2019-09-26,-0.2743210771498218
2019-09-27,-0.26353792556933153
2019-09-30,-0.27036732720005796
2019-10-01,-0.26448979474745793
2019-10-02,-0.26479503038295604
2019-10-03,-0.232368098823437
2019-10-04,-0.2283021293809525
2019-10-07,-0.23383589976679675
2019-10-08,-0.21576406944843562
2019-10-09,-0.2160879530454194
2019-10-10,-0.22080996746758585
2019-10-11,-0.22212905392678906
2019-10-14,-0.20898351076565436
2019-10-15,-0.18992241159984558
2019-10-16,-0.18292789849156454
2019-10-17,-0.17960550507833362
2019-10-18,-0.17949375799477285
2019-10-21,-0.16253311826893702
2019-10-22,-0.16683607926875843
2019-10-23,-0.16648232394357376
2019-10-24,-0.0970417890029589
2019-10-25,-0.07180943142583662
2019-10-28,-0.07751244447682382
2019-10-29,-0.08507493937860056
2019-10-30,-0.08699223868007788
2019-10-31,-0.08269234126383818
2019-11-01,-0.08862919400605784
2019-11-04,-0.1002887673321502
2019-11-05,-0.09875958643589988
2019-11-06,-0.08122779530038615
2019-11-07,-0.07023244860568045
2019-11-08,-0.06675276323562274
2019-11-11,-0.05665235727778195
2019-11-12,-0.0532183600062307
2019-11-13,-0.056031754893499874
2019-11-14,-0.05443422735974435
2019-11-15,-0.03793299968343211
2019-11-18,-0.06003910356399611
2019-11-19,-0.037724513654267766
2019-11-20,-0.05484837957455879
2019-11-21,-0.049096972244941584
2019-11-22,-0.07991860611965973
2019-11-25,-0.09790181584917845
2019-11-26,-0.09925116437341142
2019-11-27,-0.09892675284216212
2019-11-29,-0.09761091462746707
2019-12-02,-0.07530384579881366
2019-12-03,-0.07001909234726211
2019-12-04,-0.07826476947294314
2019-12-05,-0.08043570987486792
2019-12-06,-0.08036494626343638
2019-12-09,-0.07539572188518762
2019-12-10,-0.06665161244140227
2019-12-11,-0.06876705417239959
2019-12-12,-0.07400082633585947
2019-12-13,-0.0754953222156951
2019-12-16,-0.048105840096724806
2019-12-17,-0.057855569251743955
2019-12-18,-0.04274233255836146
2019-12-19,-0.041886071678817305
2019-12-20,-0.048065748745868775
2019-12-23,-0.03094621601104519
2019-12-24,-0.023569274641359828
2019-12-26,-0.018193385159935516
2019-12-27,-0.01412521694782376
2019-12-30,-0.02254762390981735
2019-12-31,-0.024524584660626125
2020-01-02,-0.029337523969807155
2020-01-03,-0.05144119643713396
2020-01-06,-0.05864147848423229
2020-01-07,-0.07116000758572905
2020-01-08,-0.09314612394068222
2020-01-09,-0.07819371174497447
2020-01-10,-0.07271045953495325
2020-01-13,-0.042444340701855654
2020-01-14,-0.02160894788120793
2020-01-15,-0.007863738532165598
2020-01-16,0.0037471578580032805
2020-01-17,0.007327258718989649
2020-01-21,0.045716475919002963
2020-01-22,0.06259598743755213
2020-01-23,0.05916858302864281
2020-01-24,0.05730339829024822
2020-01-27,0.07263868271140517
2020-01-28,0.06376861807472656
2020-01-29,0.08225461625176234
2020-01-30,0.1373499388975412
2020-01-31,0.16765993997646533
2020-02-03,0.27419445744599646
2020-02-04,0.34363715010658535
2020-02-05,0.21841991473263533
2020-02-06,0.22175595728853126
2020-02-07,0.22739324762238966
2020-02-10,0.21870750996050048
2020-02-11,0.20969719673023723
2020-02-12,0.19373560039093163
2020-02-13,0.22607166514316535
2020-02-14,0.18001914356178172
2020-02-18,0.20933166868306508
2020-02-19,0.21386996403707625
2020-02-20,0.21358434331998266
2020-02-21,0.2434052309500483
2020-02-24,0.24094206716032907
2020-02-25,0.24126758735699227
2020-02-26,0.21157014167680455
2020-02-27,0.16768073280828366
2020-02-28,0.11784335879263264
2020-03-02,0.16799455130498475
2020-03-03,0.19170534964915653
2020-03-04,0.1531432777450028
2020-03-05,0.15672526156890676
2020-03-06,0.15766178404024078
2020-03-09,0.12332772003099257
2020-03-10,0.12207626470705724
2020-03-11,0.09975689286408285
2020-03-12,0.10260536843296975
2020-03-13,0.17828859353877946
2020-03-16,0.1790063086025948
2020-03-17,0.26137012255351144
2020-03-18,0.32054383829835387
2020-03-19,0.23220584976620406
2020-03-20,0.21144865521886036
2020-03-23,0.22231488592340098
2020-03-24,0.2276875539309715
2020-03-25,0.2775023085653723
2020-03-26,0.23408946577713574
2020-03-27,0.23871189534418247
2020-03-30,0.28503803848526665
2020-03-31,0.2521966614226978
2020-04-01,0.2496004929154132
2020-04-02,0.1826655634376153
2020-04-03,0.24257935990710222
2020-04-06,0.22708120747750593
2020-04-07,0.28326696385569194
2020-04-08,0.2676606459188071
2020-04-09,0.305006767194683
2020-04-13,0.37664091725542237
2020-04-14,0.4030117410907459
2020-04-15,0.43044849661593876
2020-04-16,0.4101477659650983
2020-04-17,0.4241143018505831
2020-04-20,0.4298152056309483
2020-04-21,0.41638858013709634
2020-04-22,0.41941096234562636
2020-04-23,0.39912330375234006
2020-04-24,0.40472255223824716
2020-04-27,0.4578033862468003
2020-04-28,0.4448564406274691
2020-04-29,0.45670860137225855
2020-04-30,0.45484809957575334
2020-05-01,0.40349229137305764
2020-05-04,0.44236975078043894
2020-05-05,0.44285683415466903
2020-05-06,0.438501461705296
2020-05-07,0.4579979031032617
2020-05-08,0.47582543359128415
2020-05-11,0.506301164014368
2020-05-12,0.48348355675778776
2020-05-13,0.4981962124567003
2020-05-14,0.510654899740504
2020-05-15,0.46275033124977516
2020-05-18,0.453587572381426
2020-05-19,0.44397719846372974
2020-05-20,0.4372342056601497
2020-05-21,0.4634353069646402
2020-05-22,0.49309818020348484
2020-05-26,0.5196494232026756
2020-05-27,0.5377135130771931
2020-05-28,0.5276414388417567
2020-05-29,0.5203488320152267
2020-06-01,0.5837170459243273
2020-06-02,0.5674274383714502
2020-06-03,0.573659404351909
2020-06-04,0.5570077372129882
2020-06-05,0.5625452329996876
2020-06-08,0.629249864736434
2020-06-09,0.5990352332808464
2020-06-10,0.6424742922736295
2020-06-11,0.6506107381710373
2020-06-12,0.6059441155980725
2020-06-15,0.6320500353897724
2020-06-16,0.634195046689888
2020-06-17,0.627133915345087
2020-06-18,0.6387161364395311
2020-06-19,0.6323837752563182
2020-06-22,0.6035805497502005
2020-06-23,0.616094184878679
2020-06-24,0.6013624933163837
2020-06-25,0.6002924020058786
2020-06-26,0.6072584548997089
2020-06-29,0.5688823010683954
2020-06-30,0.5974442687053112
2020-07-01,0.6242023702969237
2020-07-02,0.6817636786144428
2020-07-06,0.7752797633613908
2020-07-07,0.7841162797085064
2020-07-08,0.7376332087229156
2020-07-09,0.7307788192041298
2020-07-10,0.826590926397549
2020-07-13,0.8356147561387544
2020-07-14,0.8181278619928358
2020-07-15,0.8487284289451742
2020-07-16,0.8299505837545209
2020-07-17,0.8240910248817492
2020-07-20,0.8827579077141003
2020-07-21,0.8563464025917935
2020-07-22,0.8606138581599956
2020-07-23,0.8418474536634246
2020-07-24,0.777542874928977
2020-07-27,0.8345793065085345
2020-07-28,0.8151736439293689
2020-07-29,0.8068807898525951
2020-07-30,0.7869687020159026
2020-07-31,0.7528929319383351
2020-08-03,0.7534769311784322
2020-08-04,0.7373165554822321
2020-08-05,0.7315798412884229
2020-08-06,0.7304670703370895
2020-08-07,0.7194660604415999
2020-08-10,0.7018802754747784
2020-08-11,0.69939253963366
2020-08-12,0.7647053622360098
2020-08-13,0.8020654079556839
2020-08-14,0.8090937026489622
2020-08-17,0.8499212401496978
2020-08-18,0.8815634431412884
2020-08-19,0.8866859047339029
2020-08-20,0.9484477815348975
2020-08-21,0.9283225642545971
2020-08-24,0.9086744845955996
2020-08-25,0.9108197128812756
2020-08-26,0.9704002711437438
2020-08-27,1.0207001528667723
2020-08-28,0.96767685555552
2020-08-31,1.0743688222812873
2020-09-01,0.9909976207142857
2020-09-02,0.895132538346638
2020-09-03,0.89754267577555
2020-09-04,0.952590730581016
2020-09-08,0.8018060379343905
2020-09-09,0.8396057748496841
2020-09-10,0.881485145581957
2020-09-11,0.8962480368086465
2020-09-14,0.9603524455587533
2020-09-15,1.0217451963973083
2020-09-16,1.0408377662911867
2020-09-17,1.0026686268479708
2020-09-18,1.068939247350296
2020-09-21,1.0580462234223025
2020-09-22,0.9905368942245623
2020-09-23,0.9280635131011583
2020-09-24,0.9291039367811356
2020-09-25,0.9366752586837925
2020-09-28,0.9574759516104425
2020-09-29,0.9382163573333051
2020-09-30,0.9388562574154034
2020-10-01,0.9006461277328064
2020-10-02,0.86814545049207
2020-10-05,0.8504441977223012
2020-10-06,0.8186195587917975
2020-10-07,0.8078471111093377
2020-10-08,0.7984170836247919
2020-10-09,0.8194691717870854
2020-10-12,0.8317972067888828
2020-10-13,0.8242100647819228
2020-10-14,0.7844649622252564
2020-10-15,0.8005504161910515
2020-10-16,0.8088084764990928
2020-10-19,0.806500997282479
2020-10-20,0.835003925568246
2020-10-21,0.8253232958131258
2020-10-22,0.8422462781040967
2020-10-23,0.8152473831000708
2020-10-26,0.8445007375208988
2020-10-27,0.8362073570360422
2020-10-28,0.8486598546382924
2020-10-29,0.830529781413132
2020-10-30,0.81416153750499
2020-11-02,0.8399674841187288
2020-11-03,0.8615691826948528
2020-11-04,0.7998002926301595
2020-11-05,0.812488160331412
2020-11-06,0.7699735260796399
2020-11-09,0.8086572904744429
2020-11-10,0.8423588346520536
2020-11-11,0.8108089119440718
2020-11-12,0.7965133295865265
2020-11-13,0.8001186291985583
2020-11-16,0.7844112434300883
2020-11-17,0.8638518717708641
2020-11-18,0.9583910058262726
2020-11-19,0.983000048231651
2020-11-20,0.9897895405464694
2020-11-23,1.0513389244836544
2020-11-24,1.131492147520596
2020-11-25,1.1444488450487529
2020-11-27,1.1642222243989107
2020-11-30,1.1192172035329704
2020-12-01,1.1522035552110999
2020-12-02,1.1104574984947715
2020-12-03,1.1672687016615306
2020-12-04,1.1644660122829462
2020-12-07,1.2378025246909687
2020-12-08,1.2730711845659104
2020-12-09,1.2293553214256918
2020-12-10,1.2674678208202117
2020-12-11,1.2329958626727646
2020-12-14,1.2622346516904082
2020-12-15,1.2461670007443169
2020-12-16,1.2375284742301376
2020-12-17,1.288740281695151
2020-12-18,1.3628980943928113
2020-12-21,1.2808057928743164
2020-12-22,1.2686476049675508
2020-12-23,1.3016813362714612
2020-12-24,1.331140720196732
2020-12-28,1.342977688659777
2020-12-29,1.3430322590187793
2020-12-30,1.3754294491259125
2020-12-31,1.402200017745856
2021-01-04,1.3653264924648263
2021-01-05,1.3829900959141357
2021-01-06,1.2789317241078844
2021-01-07,1.2542548723094655
2021-01-08,1.160208164951512
2021-01-11,1.2727494675440245
2021-01-12,1.2077889825133417
2021-01-13,1.20510876071152
2021-01-14,1.190285806271659
2021-01-15,1.1864175598145388
2021-01-19,1.176148958490566
2021-01-20,1.1970317219633455
2021-01-21,1.14767284530327
2021-01-22,1.1325438789508748
2021-01-25,1.0849205501976416
2021-01-26,1.065521042457577
2021-01-27,1.047884495055269
2021-01-28,1.0022490622270754
2021-01-29,0.9567298817610401
2021-02-01,0.9952115807377129
2021-02-02,1.0102783045369184
2021-02-03,0.9913678900657976
2021-02-04,0.9760031836526433
2021-02-05,0.9671175780768992
2021-02-08,0.9177301633653665
2021-02-09,0.9138784627760332
2021-02-10,0.8299520689228934
2021-02-11,0.8075894934723162
2021-02-12,0.8297307089135253
2021-02-16,0.7848590122669121
2021-02-17,0.8117135137108862
2021-02-18,0.804182445937794
2021-02-19,0.7912983694728399
2021-02-22,0.7489613233567791
2021-02-23,0.7428059095719903
2021-02-24,0.7746502243247699
2021-02-25,0.7723663502152371
2021-02-26,0.8082064361664574
2021-03-01,0.7591433152875438
2021-03-02,0.7705933745336198
2021-03-03,0.773730756153632
2021-03-04,0.7867755960165408
2021-03-05,0.8271353076700734
2021-03-08,0.8168692131090143
2021-03-09,0.7114405089623406
2021-03-10,0.7148904947789196
2021-03-11,0.7105339859837763
2021-03-12,0.7086717119558961
2021-03-15,0.7134200598797464
2021-03-16,0.7575164018474245
2021-03-17,0.7284649413231676
2021-03-18,0.7482449228836343
2021-03-19,0.7544283481569876
2021-03-22,0.7574382313038397
2021-03-23,0.7600369812763972
2021-03-24,0.7736004029359045
2021-03-25,0.751839206101097
2021-03-26,0.8027140248041587
2021-03-29,0.8211974443020431
2021-03-30,0.7795263724242745
2021-03-31,0.7672826195812059
2021-04-01,0.806116520324798
2021-04-05,0.8337290704003004
2021-04-06,0.8238420812474629
2021-04-07,0.8695996143706082
2021-04-08,0.8750746284671826
2021-04-09,0.8603302553527061
2021-04-12,0.8773622373502732
2021-04-13,0.9280957268670844
2021-04-14,0.9147592678004774
2021-04-15,0.8695124711939515
2021-04-16,0.8836959823992983
2021-04-19,0.8843105985401396
2021-04-20,0.9017390691207263
2021-04-21,0.9231001727567396
2021-04-22,0.9234738848569941
2021-04-23,0.9095696551013701
2021-04-26,0.9077992416147049
2021-04-27,0.870490795547143
2021-04-28,0.8631713828397187
2021-04-29,0.8885173892902571
2021-04-30,0.9522133629343921
2021-05-03,0.9296620587260205
2021-05-04,0.9453577728394673
2021-05-05,0.9342496606622361
2021-05-06,0.9192229906412881
2021-05-07,0.912915833290014
2021-05-10,0.8865576164228994
2021-05-11,0.8661500742781376
2021-05-12,0.860563509530403
2021-05-13,0.8381633027248994
2021-05-14,0.8283487409994512
2021-05-17,0.8132924489421309
2021-05-18,0.8244838005491515
2021-05-19,0.7985403498713701
2021-05-20,0.8007629278675643
2021-05-21,0.7683647303148327
2021-05-24,0.7706735856613856
2021-05-25,0.766069363684794
2021-05-26,0.7842176281506181
2021-05-27,0.8131776878172865
2021-05-28,0.7607871653405676
2021-06-01,0.7578418610458943
2021-06-02,0.7036500839530297
2021-06-03,0.6484888373013249
2021-06-04,0.6566432230904207
2021-06-07,0.6631148242119547
2021-06-08,0.6686645211959399
2021-06-09,0.6665166744596303
2021-06-10,0.6791221369016587
2021-06-11,0.6594925990614853
2021-06-14,0.6611005969566615
2021-06-15,0.647078973489355
2021-06-16,0.6536263435536298
2021-06-17,0.6303459722891069
2021-06-18,0.6198703414302487
2021-06-21,0.6139052150273108
2021-06-22,0.6302620995759802
2021-06-23,0.6650413547119083
2021-06-24,0.6880421704811834
2021-06-25,0.6858356825365723
2021-06-28,0.6647138085314352
2021-06-29,0.6533835146401461
2021-06-30,0.6530904248498277
2021-07-01,0.6422678631774497
2021-07-02,0.6322590101919436
2021-07-06,0.6630921263799436
2021-07-07,0.6565624101302736
2021-07-08,0.6861168218988674
2021-07-09,0.6852228755753937
2021-07-12,0.7026842006374803
2021-07-13,0.6922770624187504
2021-07-14,0.6901315017574148
2021-07-15,0.7238446644215868
2021-07-16,0.751964910564215
2021-07-19,0.7248595503316806
2021-07-20,0.7516035614803185
2021-07-21,0.7071548753540797
2021-07-22,0.7222655260538289
2021-07-23,0.7284787076514294
2021-07-26,0.7584355936504437
2021-07-27,0.7451509917853993
2021-07-28,0.7347418609578187
2021-07-29,0.768368982619267
2021-07-30,0.7885754380342054
2021-08-02,0.8063255740217283
2021-08-03,0.8034343154631702
2021-08-04,0.7840437262905342
2021-08-05,0.7727372625368358
2021-08-06,0.7650964105289904
2021-08-09,0.7866881300181299
2021-08-10,0.7977617763468583
2021-08-11,0.8057252861943185
2021-08-12,0.8146688135410747
2021-08-13,0.7954053129792373
2021-08-16,0.7671615136479792
2021-08-17,0.7626094847354277
2021-08-18,0.8123577918815266
2021-08-19,0.7558865627696818
2021-08-20,0.7913133248291941
2021-08-23,0.7755863354133881
2021-08-24,0.7849846719745126
2021-08-25,0.7712037578151045
2021-08-26,0.7644942332366782
2021-08-27,0.7553161600659986
2021-08-30,0.7767064399820702
2021-08-31,0.7942453463751264
2021-09-01,0.790050302775005
2021-09-02,0.7897348716143882
2021-09-03,0.7733189165194241
2021-09-07,0.8037468772369913
2021-09-08,0.8177266297239658
2021-09-09,0.825524452363855
2021-09-10,0.7906720494317065
2021-09-13,0.8118302976757255
2021-09-14,0.8099564850223349
2021-09-15,0.8197047857711817
2021-09-16,0.8251423548880235
2021-09-17,0.8421742811716761
2021-09-20,0.8397417612356652
2021-09-21,0.8455380595456896
2021-09-22,0.8310547417802276
2021-09-23,0.8105433738296683
2021-09-24,0.8516091165019917
2021-09-27,0.889543990167061
2021-09-28,0.8631593681666636
2021-09-29,0.874928336115278
2021-09-30,0.8588193766158281
2021-10-01,0.8593680218968669
2021-10-04,0.8065303825731283
2021-10-05,0.840504186746764
2021-10-06,0.8491852612305353
2021-10-07,0.8530964937450787
2021-10-08,0.8518726628035713
2021-10-11,0.8382119943722883
2021-10-12,0.8211523722216487
2021-10-13,0.8268792225381056
2021-10-14,0.8539598193036504
2021-10-15,0.8309223840919655
2021-10-18,0.8165779236278934
2021-10-19,0.8254602416288224
2021-10-20,0.816171694252013
2021-10-21,0.8108012406109981
2021-10-22,0.796279610999264
2021-10-25,0.699946524554967
2021-10-26,0.7621908870592988
2021-10-27,0.735881341097576
2021-10-28,0.7205095646295592
2021-10-29,0.7125902139874931
2021-11-01,0.6486076506267127
2021-11-02,0.6918550519218256
2021-11-03,0.6679671517710208
2021-11-04,0.7573548250503588
2021-11-05,0.7615241616594208
2021-11-08,0.8352690278198691
2021-11-09,0.9409378940239499
2021-11-10,0.8608559929318393
2021-11-11,0.8941255079406294
2021-11-12,0.9209208789877636
2021-11-15,0.9280073660006838
2021-11-16,0.8944086860707692
2021-11-17,0.8340859749002338
2021-11-18,0.9035297984791073
2021-11-19,0.9075676067650187
2021-11-22,0.8611946568288116
2021-11-23,0.8935772986817359
2021-11-24,0.9153005014881541
2021-11-26,0.9102130192680917
2021-11-29,0.918376582085441
2021-11-30,0.891720975739988
2021-12-01,0.8970146197058144
2021-12-02,0.9268837428139289
2021-12-03,0.945769062581078
2021-12-06,0.9306789973510483
2021-12-07,0.9665864490172265
2021-12-08,0.9322668455821381
2021-12-09,0.9506156683496658
2021-12-10,0.928402955080208
2021-12-13,0.9113553927846965
2021-12-14,0.9251538789380533
2021-12-15,0.979682200648816
2021-12-16,0.9621165803815581
2021-12-17,0.9358782530179459
2021-12-20,0.9668863740114959
2021-12-21,0.9728474293635847
2021-12-22,0.9099299483773564
2021-12-23,0.8627154607913712
2021-12-27,0.880189538275193
2021-12-28,0.8659598161840212
2021-12-29,0.858049141555008
2021-12-30,0.8587603796265229
2021-12-31,0.8650269066034395
2022-01-03,0.9677572964540668
2022-01-04,0.953761756131108
2022-01-05,0.957765758095052
2022-01-06,0.9163374242117175
2022-01-07,0.9140240992034332
2022-01-10,0.9376784892463741
2022-01-11,0.9286903291788244
2022-01-12,0.9602576756450756
2022-01-13,0.9439795465711285
2022-01-14,0.9475391979666432
2022-01-18,0.967369918593388
2022-01-19,0.9658637001562138
2022-01-20,1.0024247535386555
2022-01-21,0.981985267857933
2022-01-24,0.9674777677501218
2022-01-25,0.9993180004781228
2022-01-26,0.9999111338843683
2022-01-27,0.9207591938191118
2022-01-28,0.901539575725381
2022-01-31,0.9345320486021946
2022-02-01,0.922868731006999
2022-02-02,0.8728738253782085
2022-02-03,0.9058828166761712
2022-02-04,0.9255010693528978
2022-02-07,0.8926580270605631
2022-02-08,0.8934141011141694
2022-02-09,0.8434666186995554
2022-02-10,0.8467161033275317
2022-02-11,0.8683019631173261
2022-02-14,0.8729919875943051
2022-02-15,0.9081378854060917
2022-02-16,0.9077221985757433
2022-02-17,0.8841827589646936
2022-02-18,0.8717679387607307
2022-02-22,0.9004883798504522
2022-02-23,0.9262395150519429
2022-02-24,0.9385189131012786
2022-02-25,0.9441856275770548
2022-02-28,0.8806898793212843
2022-03-01,0.8521944089825897
2022-03-02,0.8650478935872568
2022-03-03,0.8886012061504702
2022-03-04,0.8587311751251578
2022-03-07,0.8319307291964575
2022-03-08,0.8163272935316372
2022-03-09,0.8415471414938767
2022-03-10,0.8494763663849654
2022-03-11,0.8740808769540311
2022-03-14,0.8755618028360279
2022-03-15,0.9043257074765616
2022-03-16,0.9219102974470545
2022-03-17,0.8966458249675007
2022-03-18,0.9244739705983795
2022-03-21,0.9179187975901775
2022-03-22,0.8345983784627824
2022-03-23,0.7990657781112225
2022-03-24,0.8740382509467002
2022-03-25,0.861830034621414
2022-03-28,0.8047477405538337
2022-03-29,0.8123272340560026
2022-03-30,0.7863887460788173
2022-03-31,0.7867475347369222
2022-04-01,0.7621595198703348
2022-04-04,0.7340630437154754
2022-04-05,0.7298138440410697
2022-04-06,0.7150546375547218
2022-04-07,0.6986216069402105
2022-04-08,0.6859403959182198
2022-04-11,0.6828490521469992
2022-04-12,0.6575039897475872
2022-04-13,0.6546688685140212
2022-04-14,0.6497105133177974
2022-04-18,0.6539244887595401
2022-04-19,0.6500202069467116
2022-04-20,0.6643219653278889
2022-04-21,0.5870989419850423
2022-04-22,0.5637618594363212
2022-04-25,0.5847247422124755
2022-04-26,0.636916186149417
2022-04-27,0.6570859150572459
2022-04-28,0.7215410210641708
2022-04-29,0.6744185925288717
2022-05-02,0.6879719098900328
2022-05-03,0.6850613971309614
2022-05-04,0.6763471899374462
2022-05-05,0.6847147115326375
2022-05-06,0.6845505318931635
2022-05-09,0.683171223028636
2022-05-10,0.7013266948998935
2022-05-11,0.7249041611847924
2022-05-12,0.7083680445835325
2022-05-13,0.7404024334452648
2022-05-16,0.7698211217514026
2022-05-17,0.7711059100351814
2022-05-18,0.7710148637019678
2022-05-19,0.7811896651965604
2022-05-20,0.8159827547076073
2022-05-23,0.8120520214599332
2022-05-24,0.8348923134900952
2022-05-25,0.8367380647878939
2022-05-26,0.8566058320597822
2022-05-27,0.874775718835652
2022-05-31,0.8799727840636447
2022-06-01,0.8755472505880493
2022-06-02,0.8542861550072252
2022-06-03,0.8101014079275553
2022-06-06,0.821427102030919
2022-06-07,0.8169481681697848
2022-06-08,0.8414082091810551
2022-06-09,0.8628540665377498
2022-06-10,0.8892108519273172
2022-06-13,0.8959744222039687
2022-06-14,0.9071493105039161
2022-06-15,0.895529121842366
2022-06-16,0.8667607581876018
2022-06-17,0.8660738019267644
2022-06-21,0.8181674464399316
2022-06-22,0.8104892441342046
2022-06-23,0.8069074366700963
2022-06-24,0.816217712080797
2022-06-27,0.8054782007858976
2022-06-28,0.8032221014317831
2022-06-29,0.7945336681632547
2022-06-30,0.7882205559656368
2022-07-01,0.7395969868345862
2022-07-05,0.7437755352656406
2022-07-06,0.758452931846737
2022-07-07,0.7521614075973102
2022-07-08,0.7287715384225073
2022-07-11,0.7479298758021145
2022-07-12,0.7463520782274395
2022-07-13,0.7353603107343729
2022-07-14,0.7272326359869936
2022-07-15,0.7117017037432567
2022-07-18,0.6950320923044164
2022-07-19,0.665668420863182
2022-07-20,0.6323926548228713
2022-07-21,0.701112518416714
2022-07-22,0.7371958993811438
2022-07-25,0.7398573489807168
2022-07-26,0.7339108562685142
2022-07-27,0.7214537493307236
2022-07-28,0.7310956059538332
2022-07-29,0.6887381202815166
2022-08-01,0.675310896088168
2022-08-02,0.6690133246611867
2022-08-03,0.666618501167741
2022-08-04,0.654911596626313
2022-08-05,0.6097965339608242
2022-08-08,0.6667776850958511
2022-08-09,0.6531716455668395
2022-08-10,0.6356183385638257
2022-08-11,0.6211205832567619
2022-08-12,0.6244021520418876
2022-08-15,0.6355068492229199
2022-08-16,0.6348021588847712
2022-08-17,0.651506686067548
2022-08-18,0.6287341231323835
2022-08-19,0.6521132492366624
2022-08-22,0.6710362402055088
2022-08-23,0.6585740695580835
2022-08-24,0.6587545412174249
2022-08-25,0.6217789168965975
2022-08-26,0.567973363136387
2022-08-29,0.5547553191542236
2022-08-30,0.5577805389137427
2022-08-31,0.5448309687874893
2022-09-01,0.4812911911234845
2022-09-02,0.48442889683488843
2022-09-06,0.46295122039617875
2022-09-07,0.45198056874280246
2022-09-08,0.45238148295245395
2022-09-09,0.44680246128190415
2022-09-12,0.4413011772139279
2022-09-13,0.402145533016913
2022-09-14,0.37683457310797985
2022-09-15,0.3637930843027015
2022-09-16,0.3788961328738525
2022-09-19,0.3754671355648078
2022-09-20,0.36567484358259783
2022-09-21,0.38762454390350065
2022-09-22,0.3791195316411633
2022-09-23,0.40838456158631553
2022-09-26,0.3904220808683809
2022-09-27,0.38349778403991963
2022-09-28,0.38955736679803743
2022-09-29,0.3696776215497366
2022-09-30,0.36666467041268813
2022-10-03,0.44587011091396245
2022-10-04,0.4627070193217262
2022-10-05,0.49034572551132216
2022-10-06,0.49417672028954307
2022-10-07,0.5061698047846572
2022-10-10,0.531086512275339
2022-10-11,0.5144227652696027
2022-10-12,0.5226383161541406
2022-10-13,0.5366004065381902
2022-10-14,0.5249417130672758
2022-10-17,0.5334752458531316
2022-10-18,0.5313097825426156
2022-10-19,0.5323615797632584
2022-10-20,0.4723270758326801
2022-10-21,0.4813149867991189
2022-10-24,0.462444875078023
2022-10-25,0.4626213964321584
2022-10-26,0.4900904432021689
2022-10-27,0.47538628635862756
2022-10-28,0.44979891055761545
2022-10-31,0.46437067920328134
2022-11-01,0.4627731166609914
2022-11-02,0.4390174256304973
2022-11-03,0.4291682246516335
2022-11-04,0.49365729143982917
2022-11-07,0.5386642665749493
2022-11-08,0.5774402952829623
2022-11-09,0.5893489404939312
2022-11-10,0.6444914229269372
2022-11-11,0.6519642671340853
2022-11-14,0.6715018984252519
2022-11-15,0.6753145596384598
2022-11-16,0.6696329912430639
2022-11-17,0.6741924926680256
2022-11-18,0.6734836298294407
2022-11-21,0.7256916048589857
2022-11-22,0.7558158945654367
2022-11-23,0.7135102459553344
2022-11-25,0.7021702963624239
2022-11-28,0.7248003596662704
2022-11-29,0.7251491504458856
2022-11-30,0.7202941744451938
2022-12-01,0.730220208742757
2022-12-02,0.7431553776914368
2022-12-05,0.7840400644443115
2022-12-06,0.8037276410299297
2022-12-07,0.8393249709226718
2022-12-08,0.775385912233262
2022-12-09,0.7370906110130502
2022-12-12,0.6544898781426025
2022-12-13,0.7128872923671294
2022-12-14,0.7160899024993264
2022-12-15,0.7550317971058977
2022-12-16,0.7333664759023071
2022-12-19,0.7180324952604811
2022-12-20,0.7782742560718989
2022-12-21,0.8027766009914679
2022-12-22,0.8193620055425246
2022-12-23,0.8274323875324545
2022-12-27,0.8664759090267367
2022-12-28,0.8299729720868259
2022-12-29,0.7929510081169249
2022-12-30,0.7836187267554755
2023-01-03,0.6917533424163878
2023-01-04,0.7094924256894961
2023-01-05,0.7126911008690087
2023-01-06,0.6981674490557985
2023-01-09,0.7046297762317113
2023-01-10,0.6827420192558327
2023-01-11,0.7088079662340316
2023-01-12,0.6839058336705219
2023-01-13,0.6562478432263175
2023-01-17,0.6784071857879261
2023-01-18,0.6764868482673625
2023-01-19,0.6955581560431328
2023-01-20,0.6829088344232292
2023-01-23,0.684173547573961
2023-01-24,0.6818315594445241
2023-01-25,0.6824532094240539
2023-01-26,0.7538824319762678
2023-01-27,0.8253896704891825
2023-01-30,0.8216469759981853
2023-01-31,0.8397035113745088
2023-02-01,0.8169761744253141
2023-02-02,0.8181122500870188
2023-02-03,0.851854530661593
2023-02-06,0.8756345554333727
2023-02-07,0.8372973362599005
2023-02-08,0.8568814936386933
2023-02-09,0.8791698985862195
2023-02-10,0.8769956247178035
2023-02-13,0.8432103186536499
2023-02-14,0.8623398678444496
2023-02-15,0.8929450647453143
2023-02-16,0.8707202865210308
2023-02-17,0.9258339965894973
2023-02-21,0.9082967311784205
2023-02-22,0.9205905691842577
2023-02-23,0.7917312711941789
2023-02-24,0.7830085658499402
2023-02-27,0.8234468824926118
2023-02-28,0.8260834090416775
2023-03-01,0.8334264196685583
2023-03-02,0.7548588589800358
2023-03-03,0.764865544391083
2023-03-06,0.7595323444639608
2023-03-07,0.7416010370444481
2023-03-08,0.6817304290115587
2023-03-09,0.6656726930136483
2023-03-10,0.6849285053280145
2023-03-13,0.6899434670386433
2023-03-14,0.6921055122475435
2023-03-15,0.6733264318589771
2023-03-16,0.6450442877677613
2023-03-17,0.6212455854911989
2023-03-20,0.6297672940636467
2023-03-21,0.6841070386563368
2023-03-22,0.6480503268345508
2023-03-23,0.6301351711750651
2023-03-24,0.6348202186848995
2023-03-27,0.6484065209537127
2023-03-28,0.6409105053257216
2023-03-29,0.6434027055157048
2023-03-30,0.6372066214453991
2023-03-31,0.6764761633135048
2023-04-03,0.61952441019188
2023-04-04,0.6252572343110294
2023-04-05,0.6123823811113644
2023-04-06,0.6057009700016995
2023-04-10,0.5872370782869392
2023-04-11,0.6088231504695247
2023-04-12,0.6018792719544244
2023-04-13,0.6266262966668585
2023-04-14,0.6136147275412211
2023-04-17,0.615148270940959
2023-04-18,0.5834860096328272
2023-04-19,0.5599448144432368
2023-04-20,0.50701504223742
2023-04-21,0.5162598253715913
2023-04-24,0.5067951347262643
2023-04-25,0.5204158361096318
2023-04-26,0.46694285218817977
2023-04-27,0.49033971221043826
2023-04-28,0.4951785751035309
2023-05-01,0.5369922957983311
2023-05-02,0.5476021545775773
2023-05-03,0.5602508091902498
2023-05-04,0.5698565827444897
2023-05-05,0.5811612139746334
2023-05-08,0.5762094374446776
2023-05-09,0.5797915276321386
2023-05-10,0.5682545698882657
2023-05-11,0.5930652260305089
2023-05-12,0.5806982094286126
2023-05-15,0.5559476407521768
2023-05-16,0.549750628450032
2023-05-17,0.5583150535884218
2023-05-18,0.582691241642185
2023-05-19,0.5578012517080506
2023-05-22,0.5178597036363535
2023-05-23,0.5184511962243727
2023-05-24,0.5096765814079289
2023-05-25,0.6863959110399556
2023-05-26,0.6680704578838705
2023-05-30,0.6585204071189201
2023-05-31,0.6000290007050939
2023-06-01,0.6268741920918817
2023-06-02,0.5925230350369719
2023-06-05,0.5758362974322002
2023-06-06,0.5520315363056809
2023-06-07,0.5170117671416312
2023-06-08,0.5031999205797817
2023-06-09,0.47774808661032053
2023-06-12,0.4749110406446455
2023-06-13,0.47744636531085627
2023-06-14,0.518502512788183
2023-06-15,0.5150551601438043
2023-06-16,0.5020127605030873
2023-06-20,0.4815457103994838
2023-06-21,0.5091110012191757
2023-06-22,0.49378304991047384
2023-06-23,0.5022340015910591
2023-06-26,0.5196866486989478
2023-06-27,0.5245397021987122
2023-06-28,0.4915809142723908
2023-06-29,0.48257712551073895
2023-06-30,0.46725195099883665
2023-07-03,0.5159291101924772
2023-07-05,0.5062668594787674
2023-07-06,0.5182924274762792
2023-07-07,0.5045416203710853
2023-07-10,0.49703229365904544
2023-07-11,0.49355414685531085
2023-07-12,0.5130824998239305
2023-07-13,0.5324100882363063
2023-07-14,0.5497105606190484
2023-07-17,0.557577129999683
2023-07-18,0.5482048563465103
2023-07-19,0.5495174232311535
2023-07-20,0.5985549434312596
2023-07-21,0.5860492313126484
2023-07-24,0.6074000506090875
2023-07-25,0.6371055905399283
2023-07-26,0.635904508620674
2023-07-27,0.670706459080793
2023-07-28,0.6511161250161621
2023-07-31,0.6476775245280795
2023-08-01,0.6633708978734791
2023-08-02,0.6455105159343879
2023-08-03,0.6332169265829148
2023-08-04,0.6534397038061457
2023-08-07,0.6749161680947477
2023-08-08,0.6668681271706285
2023-08-09,0.6525522297250328
2023-08-10,0.6385798286716056
2023-08-11,0.6179494767651077
2023-08-14,0.6849494545160599
2023-08-15,0.7124468320080495
2023-08-16,0.730664166843285
2023-08-17,0.7522882802158462
2023-08-18,0.766305698189947
2023-08-21,0.7763999318260195
2023-08-22,0.7445003770254734
2023-08-23,0.7584301074860527
2023-08-24,0.7846233644548601
2023-08-25,0.7297986185663501
2023-08-28,0.744312424688748
2023-08-29,0.7135646087264498
2023-08-30,0.7229335981505634
2023-08-31,0.7205516112350543
2023-09-01,0.749379328822458
2023-09-05,0.7090992790287882
2023-09-06,0.6982199614229194
2023-09-07,0.6848828593623499
2023-09-08,0.6827029422815072
2023-09-11,0.5905104092605753
2023-09-12,0.6028170591110327
2023-09-13,0.6023632095824152
2023-09-14,0.5900574595868133
2023-09-15,0.5654882632291476
2023-09-18,0.5926536290450914
2023-09-19,0.6036027892458027
2023-09-20,0.5909671769295404
2023-09-21,0.5888298707476602
2023-09-22,0.6339381834002795
2023-09-25,0.6281567496628904
2023-09-26,0.6308019850857614
2023-09-27,0.6537371007185855
2023-09-28,0.6456197429281754
2023-09-29,0.6406106842368311
2023-10-02,0.660297013443065
2023-10-03,0.6662031851047145
2023-10-04,0.7056044471117344
2023-10-05,0.689443443946893
2023-10-06,0.6707073682079929
2023-10-09,0.6768819136484314
2023-10-10,0.6730184899208604
2023-10-11,0.6934222847303071
2023-10-12,0.7092029519387004
2023-10-13,0.7077735860701497
2023-10-16,0.7101686308112474
2023-10-17,0.6670168138176364
2023-10-18,0.673771814261068
2023-10-19,0.5969872879678528
2023-10-20,0.5810618808561849
2023-10-23,0.5510652395271973
2023-10-24,0.5548959113568521
2023-10-25,0.5737237858418582
2023-10-26,0.5764178413994183
2023-10-27,0.5789139650829209
2023-10-30,0.5281666414100523
2023-10-31,0.5487166148078624
2023-11-01,0.5379633732963587
2023-11-02,0.5645581942258384
2023-11-03,0.5427964767347477
2023-11-06,0.5275817588660323
2023-11-07,0.5343104221754267
2023-11-08,0.5237455520336558
2023-11-09,0.47598301874386517
2023-11-10,0.4706275598597107
2023-11-13,0.49732541603042013
2023-11-14,0.5272261665917217
2023-11-15,0.5564939715867261
2023-11-16,0.5174198103049423
2023-11-17,0.522518396592125
2023-11-20,0.509590805596021
2023-11-21,0.5344986787044275
2023-11-22,0.531125211525719
2023-11-24,0.549944002574714
2023-11-27,0.5444701363281799
2023-11-28,0.5860018439517314
2023-11-29,0.572432669613196
2023-11-30,0.5817307874708164
2023-12-01,0.5776976720820266
2023-12-04,0.588129513974927
2023-12-05,0.5802240887754309
2023-12-06,0.600405079721166
2023-12-07,0.5921223830797542
2023-12-08,0.5805039668823504
2023-12-11,0.5818464103377048
2023-12-12,0.5553584979670783
2023-12-13,0.555802644969156
2023-12-14,0.5898085256836152
2023-12-15,0.5886831075891616
2023-12-18,0.5649533277731034
2023-12-19,0.5882876505382186
2023-12-20,0.5810659899351898
2023-12-21,0.5901740041139254
2023-12-22,0.5866489050930896
2023-12-26,0.592135540757537
2023-12-27,0.6048888813652
2023-12-28,0.5778303074400919
2023-12-29,0.5631849909755835
2024-01-01,0.5631849909755835
2024-01-02,0.5843619476603772
2024-01-03,0.5624254372671287
2024-01-04,0.5703970576763355
2024-01-05,0.5501879045848266
2024-01-08,0.5895718560852283
2024-01-09,0.5571313031245089
2024-01-10,0.577455611844498
2024-01-11,0.6069655180909888
2024-01-12,0.6347792076773608
2024-01-16,0.6559493898042459
2024-01-17,0.6675310061653987
2024-01-18,0.6974133697021865
2024-01-19,0.7315914127724974
2024-01-22,0.7477970985626248
2024-01-23,0.7495840899278472
2024-01-24,0.7768164160920437
2024-01-25,0.8882325044697073
2024-01-26,0.8760435339809776
2024-01-29,0.858783364883354
2024-01-30,0.860170667800646
2024-01-31,0.8625592038691359
2024-02-01,0.8774541236728735
2024-02-02,0.9288501630109101
2024-02-05,1.0102417134160637
2024-02-06,0.9717426840368952
2024-02-07,0.9856291595582425
2024-02-08,0.9686733989653522
2024-02-09,0.9830644685653191
2024-02-12,1.0125116772584346
2024-02-13,1.0328226793883992
2024-02-14,1.0318884301386073
2024-02-15,0.9516144667160924
2024-02-16,0.9534438189348644
2024-02-20,0.9411655986401601
2024-02-21,0.9084348940307581
2024-02-22,1.0520020028956263
2024-02-23,1.0839221538513417
2024-02-26,1.0472316153426058
2024-02-27,1.040474457135387
2024-02-28,1.0152113605624673
2024-02-29,1.0348191570124428
2024-03-01,1.071714210086831
2024-03-04,1.183070578890328
2024-03-05,1.2353695617714053
2024-03-06,1.296906746162077
2024-03-07,1.334569727454439
2024-03-08,1.2914444650910335
2024-03-11,1.2526082182544154
2024-03-12,1.3346780753100616
2024-03-13,1.3746486814910024
2024-03-14,1.3850958293616649
2024-03-15,1.3757781134311755
2024-03-18,1.309860635588715
2024-03-19,1.3386461855897847
2024-03-20,1.3217703680839277
2024-03-21,1.3541879456487629
2024-03-22,1.4044887848929473
2024-03-25,1.4009039649890216
2024-03-26,1.3350087042287506
2024-03-27,1.2916758986376609
2024-03-28,1.3187643822316817
2024-04-01,1.313755833543636
2024-04-02,1.2687098984489462
2024-04-03,1.286814766202259
2024-04-04,1.3446630969347706
2024-04-05,1.2734163028554857
2024-04-08,1.3404214344080914
2024-04-09,1.3906958580893147
2024-04-10,1.33249948422096
2024-04-11,1.3038568381794975
2024-04-12,1.3113165031001528
2024-04-15,1.2752942260199807
2024-04-16,1.2258060812404272
2024-04-17,1.2570751717228053
2024-04-18,1.2084690984698776
2024-04-19,1.2977231054049945
2024-04-22,1.2086394468842294
2024-04-23,1.1887354028540669
2024-04-24,1.3571929433375907
2024-04-25,1.3720087970687334
2024-04-26,1.285586064124789
2024-04-29,1.4602256679292895
2024-04-30,1.4109418723970677
2024-05-01,1.436204535400102
2024-05-02,1.395613688591181
2024-05-03,1.3619904288634848
2024-05-06,1.3406782402436557
2024-05-07,1.3168093697333605
2024-05-08,1.2984831447973986
2024-05-09,1.301569316530359
2024-05-10,1.2634749551744595
2024-05-13,1.2798859405307317
2024-05-14,1.305360736486453
2024-05-15,1.2409435835642553
2024-05-16,1.2496160397486826
2024-05-17,1.2888931726256772
2024-05-20,1.2442286384786763
2024-05-21,1.3117725827573103
2024-05-22,1.2768566377518225
2024-05-23,1.1304904077376494
2024-05-24,1.1368180622066557
2024-05-28,1.0473884066257964
2024-05-29,1.0358453304449755
2024-05-30,1.0892093346196843
2024-05-31,1.0932518904450803
2024-06-03,1.0314977213837646
2024-06-04,1.0100497635253336
2024-06-05,0.9595571921540307
2024-06-06,0.9875543579310737
2024-06-07,0.9858892081694317
2024-06-10,0.9578322735927634
2024-06-11,0.9471980932743349
2024-06-12,0.9504789405335838
2024-06-13,0.9446149203141043
2024-06-14,0.9038207533817677
2024-06-17,0.9607466931303619
2024-06-18,0.9128223697610878
2024-06-20,0.9296612632388974
2024-06-21,0.9683707861032238
2024-06-24,1.0318459937510274
2024-06-25,0.9897443113965247
2024-06-26,1.0351956304310854
2024-06-27,1.060038844154172
2024-06-28,1.066178692516956
2024-07-01,1.0089586647110669
2024-07-02,1.1235613863847047
2024-07-03,1.1444664270309057
2024-07-05,1.1872696990524587
2024-07-08,1.1728454779932886
2024-07-09,1.1862256292526472
2024-07-10,1.1607347896498021
2024-07-11,1.1296491483719535
2024-07-12,1.1460719119345844
2024-07-15,1.1717801400438326
2024-07-16,1.2062131754294874
2024-07-17,1.244631847546414
2024-07-18,1.2184387370388623
2024-07-19,1.2027489117785106
2024-07-22,1.2070326051140396
2024-07-23,1.193013811968458
2024-07-24,1.1323570524261264
2024-07-25,1.1717678241679121
2024-07-26,1.1620121884176404
2024-07-29,1.2365568371252684
2024-07-30,1.2696519953039833
2024-07-31,1.172422130589708
2024-08-01,1.173728265959081
2024-08-02,1.1469747740120915
2024-08-05,1.169786190816966
2024-08-06,1.1383502050896128
2024-08-07,1.1457992379056066
2024-08-08,1.1196714865111885
2024-08-09,1.11020656826184
2024-08-12,1.1664559728303159
2024-08-13,1.1804860228888847
2024-08-14,1.2325313841701346
2024-08-15,1.2069894802801548
2024-08-16,1.2122413590904588
2024-08-19,1.226578527330068
2024-08-20,1.2111330842665167
2024-08-21,1.2111384467440427
2024-08-22,1.2326261784361092
2024-08-23,1.232230672188217
2024-08-26,1.2431417699052663
2024-08-27,1.2805002766524352
2024-08-28,1.275449984308552
2024-08-29,1.1998829104108264
2024-08-30,1.1747789786412732
2024-09-03,1.0890332830262124
2024-09-04,1.0280190536764855
2024-09-05,0.9878426691283477
2024-09-06,1.0311840225557392
2024-09-09,1.0404299885310286
2024-09-10,1.0093540735186428
2024-09-11,1.082524186724739
2024-09-12,1.0948061773110114
2024-09-13,1.0922667127226644
2024-09-16,1.0878353728983936
2024-09-17,1.0721766852689507
2024-09-18,1.0553263985268417
2024-09-19,1.0204856902368395
2024-09-20,1.0279448096862924
2024-09-23,0.9802112372019123
2024-09-24,1.002556535371908
2024-09-25,1.013596137077108
2024-09-26,1.028886081408118
2024-09-27,0.98239591139501
2024-09-30,0.9782700975651866
2024-10-01,0.9557583470794413
2024-10-02,1.0053267542458921
2024-10-03,0.9369146473977334
2024-10-04,0.9585064606160978
2024-10-07,1.015696846678777
2024-10-08,1.0411331028622812
2024-10-09,1.0536899625733294
2024-10-10,1.0262243267408326
2024-10-11,0.9373228221851524
2024-10-14,0.9198727943535037
2024-10-15,0.9666526018038339
2024-10-16,0.9437542833054868
2024-10-17,0.9331545843825473
2024-10-18,0.9247675987727544
2024-10-21,0.8768807951848403
2024-10-22,0.8738911821408719
2024-10-23,0.8652251861800349
2024-10-24,1.0630301183148188
2024-10-25,1.0358034458829661
2024-10-28,1.0168568688651516
2024-10-29,1.0001302978767233
2024-10-30,1.0061017845736857
2024-10-31,1.023447430783754
2024-11-01,0.99980668039569
2024-11-04,0.9703466906365505
2024-11-05,0.9772824085893044
2024-11-06,0.8707360778122986
2024-11-07,0.8645758982298772
2024-11-08,0.7804131306916917
2024-11-11,0.873571668691663
2024-11-12,0.7964587898784625
2024-11-13,0.8134777335000458
2024-11-14,0.7581061898415802
2024-11-15,0.8136902482312169
2024-11-18,0.8763283388853804
2024-11-19,0.8505125618215088
2024-11-20,0.8469476244058805
2024-11-21,0.8355556686356047
2024-11-22,0.7701866677994882
2024-11-25,0.7682829660093999
2024-11-26,0.7750750693101081
2024-11-27,0.778842319892705
2024-11-29,0.7651894310172711
2024-12-02,0.7371040688983068
2024-12-03,0.761111068102357
2024-12-04,0.7754333784335241
2024-12-05,0.7463346701525961
2024-12-06,0.6839404197977579
2024-12-09,0.6612504508523742
2024-12-10,0.6150039776745204
2024-12-11,0.5924656841427256
2024-12-12,0.5937060036030388
2024-12-13,0.54122485097555
2024-12-16,0.4809865563859559
2024-12-17,0.4450207061720568
2024-12-18,0.4966433786892217
2024-12-19,0.513648026986151
2024-12-20,0.5631482604848062
2024-12-23,0.5742795502538527
2024-12-24,0.5194687538402913
2024-12-26,0.531291195738469
2024-12-27,0.5086233940545886
2024-12-30,0.4810786214167264
2024-12-31,0.4742385616948792
2025-01-02,0.4073435435570265
2025-01-03,0.4338160816124146
2025-01-06,0.41026671040459894
2025-01-07,0.42547136653326834
2025-01-08,0.4266722303496715
2025-01-10,0.4476948306881452
2025-01-13,0.4776871944073111
2025-01-14,0.4731038693674594
2025-01-15,0.5072642747971667
2025-01-16,0.4966948658586472
2025-01-17,0.4964295695112211
2025-01-21,0.47521568248838064
2025-01-22,0.4269450139608133
2025-01-23,0.4215249323567052
2025-01-24,0.43373763841474555
2025-01-27,0.3280056917304077
2025-01-28,0.2696405453811743
2025-01-29,0.25730525347823585
2025-01-30,0.24407145337856728
2025-01-31,0.21450172194369
2025-02-03,0.22865433955347902
2025-02-04,0.2254733590396889
2025-02-05,0.17100796911015537
2025-02-06,0.14698901822482258
2025-02-07,0.12236464999576202
2025-02-10,0.08934345201403393
2025-02-11,0.05796177270224989
2025-02-12,0.07747028042894333
2025-02-13,0.09152768498764274
2025-02-14,0.07701342255700605
2025-02-18,0.07226169289740914
2025-02-19,0.08268113588672654
2025-02-20,0.07001014385236881
2025-02-21,0.06664143960511093
2025-02-24,0.07162815020042945
2025-02-25,0.041687325252398155
2025-02-26,0.0019192250648185638
2025-02-27,0.02914491976019118
2025-02-28,0.02884532829977271
2025-03-03,0.05894039884798641
2025-03-04,0.026528023663943356
2025-03-05,0.03404989209516618
2025-03-06,0.03472605805356288
2025-03-07,0.023272007143520623
2025-03-10,-0.029727039088927376
2025-03-11,-0.019391595820191676
2025-03-12,-0.013669629689605611
2025-03-13,-0.027717702981749137
2025-03-14,-0.03454855980472149
2025-03-17,-0.04917133105473537
2025-03-18,-0.05823279648851476
2025-03-19,-0.04471143549611778
2025-03-20,-0.048007131620606436
2025-03-21,-0.019590206542839717
2025-03-24,-0.06312914158252514
2025-03-25,-0.08231354137170277
2025-03-26,-0.08305494582253858
2025-03-27,-0.09424610497238062
2025-03-28,-0.08551582936977298
2025-03-31,-0.08327878393579868
2025-04-01,-0.0922400669185538
2025-04-02,-0.11530403771452946
2025-04-03,-0.12561761082447997
2025-04-04,-0.1122312450579459
2025-04-07,-0.08517689793688599
2025-04-08,-0.06904003922133028
2025-04-09,-0.08751071271874022
2025-04-10,-0.08129657960641312
2025-04-11,-0.09626605789501308
2025-04-14,-0.09529810216363199
2025-04-15,-0.09823231142203381
2025-04-16,-0.08953363436087813
2025-04-17,-0.0768047028873391
2025-04-21,-0.08249529767773045
2025-04-22,-0.07075726807247362
2025-04-23,-0.06377097568047485
2025-04-24,-0.06435551530203576
2025-04-25,-0.03862546093521979
2025-04-28,-0.027182161304086683
2025-04-29,-0.01801584608510709
2025-04-30,-0.03415989451703394
2025-05-01,-0.048895652362869746
2025-05-02,-0.049866182858588126
2025-05-05,-0.05854012917293028
2025-05-06,-0.06562883604946856
2025-05-07,-0.0786392117071193
2025-05-08,-0.06551631003267766
2025-05-09,-0.04060146010919663
2025-05-12,-0.034355609131162645
2025-05-13,-0.03776170040591442
2025-05-14,-0.03819736959385556
2025-05-15,-0.043107090832347095
2025-05-16,-0.03513391675443078
2025-05-19,-0.04661578280699297
2025-05-20,-0.04002353935387226
2025-05-21,-0.04365007710794455
2025-05-22,-0.03821339614007668
2025-05-23,-0.03503415805024013
2025-05-27,-0.01702077408095215
2025-05-28,-0.02263386568557879
2025-05-29,-0.03641552096160461
2025-05-30,-0.03845293638387015
2025-06-02,-0.05168751437699348
2025-06-03,-0.0627537961928678
2025-06-04,-0.08171105986604399
2025-06-05,-0.14094269424624306
2025-06-06,-0.13049780696560254
2025-06-09,-0.11349233495626898
2025-06-10,-0.0924744493875832
2025-06-11,-0.08847044613081945
2025-06-12,-0.10561586049359262
2025-06-13,-0.08758154574284949
2025-06-16,-0.0909659298931812
2025-06-17,-0.10682391531469737
2025-06-18,-0.10299201590349594
2025-06-20,-0.09781310285258105
2025-06-23,-0.0616829726898005
2025-06-24,-0.08486927928349075
2025-06-25,-0.12206273803077539
2025-06-26,-0.12645479025175155
2025-06-27,-0.13702715791803655
2025-06-30,-0.1456433204769264
2025-07-01,-0.1359564271508532
2025-07-02,-0.1260574732280545
2025-07-03,-0.12027353159469523
2025-07-07,-0.09344690602869354
2025-07-08,-0.09437265135320694
2025-07-09,-0.08328656483944008
2025-07-10,-0.1015253475318616
2025-07-11,-0.10455741212377911
2025-07-14,-0.1117064595838736
2025-07-15,-0.0851820121256528
2025-07-16,-0.09941448204069825
2025-07-17,-0.09196732797558482
2025-07-18,-0.1080712366552351
2025-07-21,-0.10916648334638002
2025-07-22,-0.12538193758082683
2025-07-23,-0.11615531259784195
2025-07-24,-0.0722705060997868
2025-07-25,-0.08925980657250132
2025-07-28,-0.09446205791289575
2025-07-29,-0.09153150132703014
2025-07-30,-0.07874722194356998
2025-07-31,-0.06679525607918912
2025-08-01,-0.0691436647998751
2025-08-04,-0.06251578922268186
2025-08-05,-0.06622899414909789
2025-08-06,-0.08011340233628206
2025-08-07,-0.08004532667606845
2025-08-08,-0.08566731737299393
2025-08-11,-0.10027735485582079
2025-08-12,-0.09996071213085855
2025-08-13,-0.10189091021647634
2025-08-14,-0.09579943094296417
2025-08-15,-0.09293636956800877
2025-08-18,-0.0953263765520771
2025-08-19,-0.10326130428244107
2025-08-20,-0.0965080950638395
2025-08-21,-0.09230398635459869
2025-08-22,-0.11271262895108869
2025-08-25,-0.1167743378328957
2025-08-26,-0.11841987804156151
2025-08-27,-0.11623759284397772
2025-08-28,-0.11514200389526419
2025-08-29,-0.11436443281571462
2025-09-02,-0.1170275011304247
2025-09-03,-0.12378143169095612
2025-09-04,-0.12693307444513047
2025-09-05,-0.1546076665577587
2025-09-08,-0.14599318372874603
2025-09-09,-0.1404794509552244
2025-09-10,-0.12496073839740829
2025-09-11,-0.15177401805840607
2025-09-12,-0.18141608604922166
2025-09-15,-0.19615269818465653
2025-09-16,-0.21399341722549814
2025-09-17,-0.2282589652545921
2025-09-18,-0.20661411512712002
2025-09-19,-0.21442034784825148
2025-09-22,-0.2064939829522504
2025-09-23,-0.2100489498002911
2025-09-24,-0.22899284656219399
2025-09-25,-0.2105342374173682
2025-09-26,-0.22528211974382362
2025-09-29,-0.21979693788018662
2025-09-30,-0.21097872564237186
2025-10-01,-0.22265896428771492
2025-10-02,-0.19938823810112005
2025-10-03,-0.1964149540335941
2025-10-06,-0.2227618906457891
2025-10-07,-0.20652391657614788
2025-10-08,-0.20292705171822967
2025-10-09,-0.1927753799356431
2025-10-10,-0.19206346343933223
2025-10-13,-0.20257616046175075
2025-10-14,-0.21403690320565194
2025-10-15,-0.2198842756034839
2025-10-16,-0.20985254005582066
2025-10-17,-0.21651899917512019
2025-10-20,-0.2249999056360783
2025-10-21,-0.22395707781965546
2025-10-22,-0.22265965675871813
2025-10-23,-0.22746928665725297
2025-10-24,-0.20564642493673346
2025-10-27,-0.2116179132217786
2025-10-28,-0.19906403796585181
2025-10-29,-0.1879257390581499
2025-10-30,-0.17722840936993034
2025-10-31,-0.19342557701672747
2025-11-03,-0.1951137756390744
2025-11-04,-0.19033028659842888
2025-11-05,-0.21365072894045212
2025-11-06,-0.21425961784183378
2025-11-07,-0.19967293775643902
2025-11-10,-0.19112762471321765
2025-11-11,-0.19799978879439295
2025-11-12,-0.1884434654812972
2025-11-13,-0.17601237207387876
2025-11-14,-0.17113273726465095
2025-11-17,-0.1835971412343742
2025-11-18,-0.1874041247590018
2025-11-19,-0.17861809164404552
2025-11-20,-0.18266042194917476
2025-11-21,-0.18236158689588355
2025-11-24,-0.20187349189973625
2025-11-25,-0.21376149357428498
2025-11-26,-0.2150969912281181
2025-11-28,-0.22549764823433893
2025-12-01,-0.21908172995992636
2025-12-02,-0.21492248994662289
2025-12-03,-0.2349716431428427
2025-12-04,-0.23354752375663934
2025-12-05,-0.23597089235828295
2025-12-08,-0.2164483906412713
2025-12-09,-0.22265510909089659
2025-12-10,-0.2306386144955076
2025-12-11,-0.23271853909441975
2025-12-12,-0.2556117050505683
2025-12-15,-0.2661699991855069
2025-12-16,-0.2744410134204056
2025-12-17,-0.271529826017853
2025-12-18,-0.2772692873745012
2025-12-19,-0.26143227685107595
2025-12-22,-0.26170201204387955
2025-12-23,-0.24821447885509595
2025-12-24,-0.24928260193504925
2025-12-26,-0.23756618006610009
2025-12-29,-0.2297132346039953
2025-12-30,-0.22673909414162174
2025-12-31,-0.22487586438622809
