date,Random Forest Strategy
2016-03-29,0.9877701891679398
2016-03-30,0.9962944412790479
2016-03-31,0.9867778286750932
2016-04-01,1.0107690523502506
2016-04-04,0.9922751970836916
2016-04-05,1.0104844461586577
2016-04-06,1.0005985273017861
2016-04-07,0.9832479621091469
2016-04-08,0.9795742054176001
2016-04-11,0.9760158038927463
2016-04-12,0.9770211270085297
2016-04-13,0.9708112106396223
2016-04-14,0.9721321320882269
2016-04-15,0.97306783193221
2016-04-18,0.9691935708205206
2016-04-19,0.9726713434108923
2016-04-20,0.969948060209674
2016-04-21,0.9822455345537713
2016-04-22,0.9882028389933318
2016-04-25,0.9914161867883309
2016-04-26,0.975334079037251
2016-04-27,0.9829723621050094
2016-04-28,0.9780682508169485
2016-04-29,0.9739873194417433
2016-05-02,0.9604220051110637
2016-05-03,0.9512641753740281
2016-05-04,0.9249076144316091
2016-05-05,0.9274894888694085
2016-05-06,0.9150476182996929
2016-05-09,0.9060822170040741
2016-05-10,0.9051238824453967
2016-05-11,0.9076357868214556
2016-05-12,0.9756893794382966
2016-05-13,0.9886948598139896
2016-05-16,0.9982672716378945
2016-05-17,1.0011232629845495
2016-05-18,1.0088025539063987
2016-05-19,1.0116954427197278
2016-05-20,1.001462433548721
2016-05-23,0.9933759454257628
2016-05-24,0.9989903434410764
2016-05-25,1.0061761213084817
2016-05-26,1.013528296027839
2016-05-27,1.0049782084750523
2016-05-31,0.9958296304590109
2016-06-01,0.991002158815409
2016-06-02,0.9979222685285541
2016-06-03,1.0044081651781478
2016-06-06,1.0300466452279253
2016-06-07,1.0216385520268172
2016-06-08,1.0480408483968897
2016-06-09,1.036947314700638
2016-06-10,1.0279208927889
2016-06-13,1.0201616698033056
2016-06-14,1.021321606399605
2016-06-15,1.0201282324202874
2016-06-16,1.0231122050721597
2016-06-17,1.024234690147625
2016-06-20,1.0270967327020497
2016-06-21,0.9738730988486023
2016-06-22,0.9601803998149083
2016-06-23,0.9792904651183134
2016-06-24,0.9986475893326604
2016-06-27,0.9991482021262583
2016-06-28,1.0119646742750223
2016-06-29,1.0130065417894576
2016-06-30,1.02701379396719
2016-07-01,1.0134124580878623
2016-07-05,1.0110250962278717
2016-07-06,1.0015992779064613
2016-07-07,0.9835153876373971
2016-07-08,0.9902246980260826
2016-07-11,0.9825937844078564
2016-07-12,0.977935698095981
2016-07-13,0.9708555402035928
2016-07-14,0.9739201502618303
2016-07-15,0.984587724944755
2016-07-18,0.9771319254972097
2016-07-19,0.9775456346416388
2016-07-20,0.9699029541903131
2016-07-21,0.9604280336536704
2016-07-22,0.9682044278790953
2016-07-25,0.9590175015899747
2016-07-26,0.9617160754085691
2016-07-27,0.9651186208680417
2016-07-28,0.9658273890579726
2016-07-29,0.9590858756761625
2016-08-01,0.9590900738704251
2016-08-02,0.9550685699153514
2016-08-03,0.9562482757170911
2016-08-04,0.9468681490798256
2016-08-05,0.9345960139626431
2016-08-08,0.9298484146360404
2016-08-09,0.9336045988318006
2016-08-10,0.9226570042339287
2016-08-11,0.9470327299493598
2016-08-12,0.9472758533892189
2016-08-15,0.9458759196094406
2016-08-16,0.956191769727662
2016-08-17,0.9494440753247055
2016-08-18,0.9513520674525179
2016-08-19,0.9447967038086736
2016-08-22,0.9451404651114633
2016-08-23,0.9478057566555202
2016-08-24,0.9474048768620523
2016-08-25,0.9415576238015683
2016-08-26,0.9316264266101565
2016-08-29,0.9256949895279373
2016-08-30,0.9296157826785022
2016-08-31,0.8911140567796192
2016-09-01,0.888760012219214
2016-09-02,0.8960730037486232
2016-09-06,0.9002276779700406
2016-09-07,0.8872822269816315
2016-09-08,0.9027021526474976
2016-09-09,0.9023304806321021
2016-09-12,0.9038550239966189
2016-09-13,0.9006936755915135
2016-09-14,0.8925906661831517
2016-09-15,0.9028121299031276
2016-09-16,0.898753383572628
2016-09-19,0.8993663094709828
2016-09-20,0.8878618480465272
2016-09-21,0.8893768878893469
2016-09-22,0.8921303649443424
2016-09-23,0.8996421868679456
2016-09-26,0.8774436586795268
2016-09-27,0.8767938887919617
2016-09-28,0.8609611581630977
2016-09-29,0.8608293965822675
2016-09-30,0.8817503231139555
2016-10-03,0.8778015930857659
2016-10-04,0.8721893234281742
2016-10-05,0.8623107902359256
2016-10-06,0.8560076023970661
2016-10-07,0.863915377821277
2016-10-10,0.8683605553331133
2016-10-11,0.8692838082420414
2016-10-12,0.8737156945680099
2016-10-13,0.8612501257364886
2016-10-14,0.8583155540593205
2016-10-17,0.8630144027627488
2016-10-18,0.8734927332530381
2016-10-19,0.8556215816948121
2016-10-20,0.8590328170449609
2016-10-21,0.844594479430936
2016-10-24,0.8369202097204033
2016-10-25,0.8348395195679416
2016-10-26,0.8471938220299858
2016-10-27,0.8395159757222848
2016-10-28,0.8311953275796996
2016-10-31,0.8289472069791542
2016-11-01,0.8246598716919274
2016-11-02,0.8282208586130408
2016-11-03,0.8373779529551821
2016-11-04,0.8202867801996654
2016-11-07,0.8246503901576853
2016-11-08,0.8214075194878637
2016-11-09,0.8238852778209558
2016-11-10,0.7084497341633521
2016-11-11,0.7124525386705146
2016-11-14,0.7060772647613405
2016-11-15,0.6842460748146902
2016-11-16,0.6901497228122428
2016-11-17,0.6798648173592882
2016-11-18,0.680260320679011
2016-11-21,0.6901576191491281
2016-11-22,0.692056298650993
2016-11-23,0.6975971038639169
2016-11-25,0.6968163192056342
2016-11-28,0.688328041436763
2016-11-29,0.6919241152676369
2016-11-30,0.6953843370205419
2016-12-01,0.6913877390726841
2016-12-02,0.6880404071945048
2016-12-05,0.6806752787149096
2016-12-06,0.6879856648056241
2016-12-07,0.6921670327032932
2016-12-08,0.6981420036991891
2016-12-09,0.7070965129220577
2016-12-12,0.7113459093228945
2016-12-13,0.6917194308723598
2016-12-14,0.6816322456640252
2016-12-15,0.6842049119738264
2016-12-16,0.6804603467604163
2016-12-19,0.6788049302287437
2016-12-20,0.6749525793468664
2016-12-21,0.6720271779792115
2016-12-22,0.671502777229025
2016-12-23,0.6582573869945212
2016-12-27,0.6811293417979336
2016-12-28,0.6665871404959123
2016-12-29,0.679018359467635
2016-12-30,0.6993707617512582
2017-01-03,0.7072809438500466
2017-01-04,0.7158477779894851
2017-01-05,0.7170095245418141
2017-01-06,0.727983727416662
2017-01-09,0.7285201233376903
2017-01-10,0.7327280175251701
2017-01-11,0.7384537583403071
2017-01-12,0.751721587420193
2017-01-13,0.7467485714752056
2017-01-17,0.749074292708215
2017-01-18,0.7487154560932544
2017-01-19,0.7431940427325652
2017-01-20,0.7405877358696081
2017-01-23,0.7400003489697533
2017-01-24,0.7418764414451863
2017-01-25,0.7327250495740619
2017-01-26,0.7261646231080207
2017-01-27,0.7285199033095904
2017-01-30,0.7332174012112419
2017-01-31,0.7133587458447319
2017-02-01,0.712088440998273
2017-02-02,0.7149019621423601
2017-02-03,0.7149394499819711
2017-02-06,0.7089553604461079
2017-02-07,0.716865899513715
2017-02-08,0.7333593793021864
2017-02-09,0.7246185102038143
2017-02-10,0.7566231436152473
2017-02-13,0.757534996879096
2017-02-14,0.7598797643629898
2017-02-15,0.7684803039997831
2017-02-16,0.7731734770777516
2017-02-17,0.7667413053479145
2017-02-21,0.7619327729537356
2017-02-22,0.7728222779576431
2017-02-23,0.770596822055693
2017-02-24,0.7432082355998952
2017-02-27,0.7594251905582395
2017-02-28,0.7544625581944403
2017-03-01,0.7691522154551649
2017-03-02,0.773016047683073
2017-03-03,0.7754887533642076
2017-03-06,0.7671124879534851
2017-03-07,0.765238582087633
2017-03-08,0.7621930645808436
2017-03-09,0.7581067858850075
2017-03-10,0.7514100896155042
2017-03-13,0.7697721805044268
2017-03-14,0.7634797583011256
2017-03-15,0.7682269689333908
2017-03-16,0.7590109662016511
2017-03-17,0.7475796236753618
2017-03-20,0.7435944878557359
2017-03-21,0.7424798391095517
2017-03-22,0.745473706190687
2017-03-23,0.7564707823505309
2017-03-24,0.7639133102726202
2017-03-27,0.7759931553437158
2017-03-28,0.7747832888519481
2017-03-29,0.7814930310720156
2017-03-30,0.7792278546797783
2017-03-31,0.7490340907068451
2017-04-03,0.7161818224313274
2017-04-04,0.7238459556994745
2017-04-05,0.721959630778129
2017-04-06,0.7157210033916503
2017-04-07,0.6949509309996497
2017-04-10,0.7003357693709719
2017-04-11,0.7109170137629018
2017-04-12,0.6956661257113567
2017-04-13,0.7121893018321761
2017-04-17,0.713734679348202
2017-04-18,0.7185345906918958
2017-04-19,0.7277803270756461
2017-04-20,0.7255206050294567
2017-04-21,0.723774799565055
2017-04-24,0.7242706300018336
2017-04-25,0.7226221950939251
2017-04-26,0.7151879731058799
2017-04-27,0.7043490431181884
2017-04-28,0.7024679638672624
2017-05-01,0.7085926909968108
2017-05-02,0.7199633097175251
2017-05-03,0.73658393177191
2017-05-04,0.7526641008667935
2017-05-05,0.7552037509028259
2017-05-08,0.7719029996667527
2017-05-09,0.8360328325817279
2017-05-10,0.8566403905881249
2017-05-11,0.8591799294058642
2017-05-12,0.8258554675301647
2017-05-15,0.8321147847214933
2017-05-16,0.8186815896828332
2017-05-17,0.8265330626311983
2017-05-18,0.814009945234945
2017-05-19,0.8046520976230384
2017-05-22,0.8076747711117853
2017-05-23,0.8115913485923787
2017-05-24,0.8019892417156257
2017-05-25,0.8018108757421324
2017-05-26,0.7981183332471413
2017-05-30,0.7896295972689237
2017-05-31,0.7903763658244477
2017-06-01,0.791669764875226
2017-06-02,0.7950252139283888
2017-06-05,0.78685818568669
2017-06-06,0.7840245612535844
2017-06-07,0.8011778656728096
2017-06-08,0.7890428924986688
2017-06-09,0.7899529234707434
2017-06-12,0.804850266075416
2017-06-13,0.8090305270640105
2017-06-14,0.8164016052430382
2017-06-15,0.8187382973920891
2017-06-16,0.8358190772653202
2017-06-19,0.8325178277932972
2017-06-20,0.834097118075912
2017-06-21,0.824355538849932
2017-06-22,0.811640965538292
2017-06-23,0.8135614136398128
2017-06-26,0.8149090077928431
2017-06-27,0.8193562582113055
2017-06-28,0.8172565097179025
2017-06-29,0.8103070086155425
2017-06-30,0.8057258756021737
2017-07-03,0.8456708830716304
2017-07-05,0.8705867118800992
2017-07-06,0.8668057078489652
2017-07-07,0.8502726182441251
2017-07-10,0.8412914734591528
2017-07-11,0.8562689938958769
2017-07-12,0.8533525019483584
2017-07-13,0.8475968366356211
2017-07-14,0.8388616725374148
2017-07-17,0.8457919171933319
2017-07-18,0.8473667962698047
2017-07-19,0.8472051381218376
2017-07-20,0.8507062079005331
2017-07-21,0.8740303095032036
2017-07-24,0.8757375119694056
2017-07-25,0.8753057575003125
2017-07-26,0.8728422353313804
2017-07-27,0.8791440144146606
2017-07-28,0.889372448922365
2017-07-31,0.9000541147887147
2017-08-01,0.9091686164729957
2017-08-02,0.885428819988568
2017-08-03,0.8960219243537525
2017-08-04,0.9118808110224762
2017-08-07,0.8936204194665546
2017-08-08,0.9003704978882334
2017-08-09,0.8912569759935464
2017-08-10,0.9181374488167825
2017-08-11,0.9471432325700619
2017-08-14,0.9450695590288533
2017-08-15,0.9391479407116045
2017-08-16,0.9428934665952502
2017-08-17,0.9489799311436197
2017-08-18,0.9551871144263131
2017-08-21,0.960822010388948
2017-08-22,0.9543268817437716
2017-08-23,0.9523562748815961
2017-08-24,0.954986659635605
2017-08-25,0.948292984331984
2017-08-28,0.951432323680194
2017-08-29,0.9462675029412033
2017-08-30,0.9533606489408082
2017-08-31,0.9498307094685808
2017-09-01,0.954704798781071
2017-09-05,0.9613743053454741
2017-09-06,0.9676207971509547
2017-09-07,0.9661278990028842
2017-09-08,0.9532265334871938
2017-09-11,0.9561773325420632
2017-09-12,0.9585959400294678
2017-09-13,0.9409235384330373
2017-09-14,0.9680042270150104
2017-09-15,0.9814032289430564
2017-09-18,0.9693148092319536
2017-09-19,0.9717429487365812
2017-09-20,0.9753234319809723
2017-09-21,0.9596490630694691
2017-09-22,0.972681708467089
2017-09-25,0.9749486133475475
2017-09-26,0.9917926341821163
2017-09-27,0.9900358092948803
2017-09-28,0.9834397084111134
2017-09-29,0.9833692470205201
2017-10-02,0.9749795831166378
2017-10-03,0.9694293419324328
2017-10-04,0.9686533837908595
2017-10-05,0.9679573446296933
2017-10-06,0.9977686956193338
2017-10-09,0.9889594817127407
2017-10-10,0.9955267196384457
2017-10-11,0.9943272653314654
2017-10-12,1.0037431850716227
2017-10-13,1.0193315137509724
2017-10-16,1.011413431803802
2017-10-17,1.0053520651738945
2017-10-18,1.0169346391928955
2017-10-19,1.0243363183633816
2017-10-20,1.0355982833913517
2017-10-23,1.0405502475888297
2017-10-24,1.0451293811971372
2017-10-25,1.0500605991307204
2017-10-26,1.0751134908700852
2017-10-27,1.0817020418514718
2017-10-30,1.0702032809790483
2017-10-31,1.0881254069614694
2017-11-01,1.1217877546075052
2017-11-02,1.1164923024972866
2017-11-03,1.107956177156912
2017-11-06,1.1076281880226484
2017-11-07,1.1032128966691892
2017-11-08,1.0956281900822231
2017-11-09,1.1244605108738603
2017-11-10,1.092253564967908
2017-11-13,1.1079179616584052
2017-11-14,1.0923746897473299
2017-11-15,1.094480370793399
2017-11-16,1.0893867702518663
2017-11-17,1.071505860967781
2017-11-20,1.0607478920194269
2017-11-21,1.0670497430992056
2017-11-22,1.0670263389468995
2017-11-24,1.0579337126842092
2017-11-27,1.0482134821262103
2017-11-28,1.0292091219755743
2017-11-29,1.0382586408388004
2017-11-30,1.0343200342727068
2017-12-01,1.0077630758038756
2017-12-04,1.0131874698940109
2017-12-05,1.0012872037249088
2017-12-06,1.011799367000401
2017-12-07,1.0040746349352436
2017-12-08,0.9905157272394884
2017-12-11,0.9624901964728843
2017-12-12,0.9535752638223615
2017-12-13,0.9559035521055846
2017-12-14,0.9610950787061998
2017-12-15,0.9834475235740243
2017-12-18,0.9902002054081384
2017-12-19,0.9952010956921907
2017-12-20,0.9887878878394191
2017-12-21,0.9968936280796483
2017-12-22,1.0144816970353732
2017-12-26,1.0228984838160515
2017-12-27,1.0173179541494994
2017-12-28,1.0137714009197736
2017-12-29,1.0141897514620395
2018-01-02,1.0527197862829456
2018-01-03,1.059880659520177
2018-01-04,1.0587498194474454
2018-01-05,1.0756056792782058
2018-01-08,1.079750129971896
2018-01-09,1.0821851091664434
2018-01-10,1.0780726521427269
2018-01-11,1.0781969858095712
2018-01-12,1.0650971221142087
2018-01-16,1.0651421343954453
2018-01-17,1.0684520850412773
2018-01-18,1.0734651042804044
2018-01-19,1.0795157490323237
2018-01-22,1.0896779449184701
2018-01-23,1.09323207825193
2018-01-24,1.107488755932862
2018-01-25,1.11532290744062
2018-01-26,1.1125304536745713
2018-01-29,1.1091299245635058
2018-01-30,1.1025386797220627
2018-01-31,1.0985434168628614
2018-02-01,1.0911965967188646
2018-02-02,1.0617431361935055
2018-02-05,1.0899476516548623
2018-02-06,1.0797747215865325
2018-02-07,1.099742412741043
2018-02-08,1.144923460934151
2018-02-09,1.125154493327594
2018-02-12,1.122318114566169
2018-02-13,1.1459303180063611
2018-02-14,1.1370232038730734
2018-02-15,1.1285342648108245
2018-02-16,1.1418186353985664
2018-02-20,1.1269887361791353
2018-02-21,1.1070231080724926
2018-02-22,1.1063073885053538
2018-02-23,1.0993245608332647
2018-02-26,1.1080492849833299
2018-02-27,1.1114491196963638
2018-02-28,1.1086434851067701
2018-03-01,1.1119576153046906
2018-03-02,1.112804021011591
2018-03-05,1.1367572612338157
2018-03-06,1.1289065402547371
2018-03-07,1.1327299021007096
2018-03-08,1.1458379491830692
2018-03-09,1.1240969764064668
2018-03-12,1.1254361624372127
2018-03-13,1.1527700726048813
2018-03-14,1.1495649784177784
2018-03-15,1.1393424584580654
2018-03-16,1.1315406536773354
2018-03-19,1.105982589052095
2018-03-20,1.0930858322908856
2018-03-21,1.0911517440509781
2018-03-22,1.0844339907588572
2018-03-23,1.1065014077790818
2018-03-26,1.1090778786940694
2018-03-27,1.1413569664908063
2018-03-28,1.1334875271706624
2018-03-29,1.1302383661154327
2018-04-02,1.1528547072906867
2018-04-03,1.1924021075359885
2018-04-04,1.1405979472738161
2018-04-05,1.1470520269779914
2018-04-06,1.1254603148945492
2018-04-09,1.1220293000247126
2018-04-10,1.1191768004950002
2018-04-11,1.0857338489105002
2018-04-12,1.104510423784074
2018-04-13,1.0877135689650035
2018-04-16,1.0669807810035095
2018-04-17,1.0801283246144315
2018-04-18,1.109218040766541
2018-04-19,1.126621600411437
2018-04-20,1.1252349735939773
2018-04-23,1.1321187512202204
2018-04-24,1.1381930443578014
2018-04-25,1.1253853756820744
2018-04-26,1.1395998544810322
2018-04-27,1.1363867370116292
2018-04-30,1.1303453886718646
2018-05-01,1.1260159525064362
2018-05-02,1.078185088774682
2018-05-03,1.0824355866756687
2018-05-04,1.0766382164418438
2018-05-07,1.07143544258861
2018-05-08,1.0742613518507123
2018-05-09,1.086546983227695
2018-05-10,1.0911445324130917
2018-05-11,1.1093496957827012
2018-05-14,1.1029184028482788
2018-05-15,1.0994342316174008
2018-05-16,1.0918988613647418
2018-05-17,1.1027723645063667
2018-05-18,1.1218460952044502
2018-05-21,1.1370097971771391
2018-05-22,1.1336717539298484
2018-05-23,1.1308959736633755
2018-05-24,1.1325397855354573
2018-05-25,1.1441522660495396
2018-05-29,1.150076145386336
2018-05-30,1.1380422325532382
2018-05-31,1.136076660652535
2018-06-01,1.1297088339291597
2018-06-04,1.1408182667388718
2018-06-05,1.1962187953168528
2018-06-06,1.1948569222799739
2018-06-07,1.1992741516576941
2018-06-08,1.16821935025195
2018-06-11,1.1538980910922123
2018-06-12,1.1577251710844667
2018-06-13,1.1459729917732986
2018-06-14,1.1416965032197408
2018-06-15,1.1211713444662061
2018-06-18,1.1383905269952128
2018-06-19,1.127454298669245
2018-06-20,1.1391555451634605
2018-06-21,1.1482933574600531
2018-06-22,1.1222710695127058
2018-06-25,1.1138621745497124
2018-06-26,1.095371493173127
2018-06-27,1.0986595052892631
2018-06-28,1.1006028697805044
2018-06-29,1.1256267806878026
2018-07-02,1.0974455297052892
2018-07-03,1.0808828919113695
2018-07-05,1.0701561990285164
2018-07-06,1.0576960990958029
2018-07-09,1.0596065575069586
2018-07-10,1.053372676462547
2018-07-11,1.041748876878323
2018-07-12,1.0492378035370655
2018-07-13,1.0612948231742554
2018-07-16,1.0711103636479598
2018-07-17,1.0649295134743293
2018-07-18,1.0716424021220927
2018-07-19,1.0802954034734302
2018-07-20,1.0655466557703273
2018-07-23,1.0569784763727672
2018-07-24,1.070292233431059
2018-07-25,1.0603867703092325
2018-07-26,1.0499052227006576
2018-07-27,1.053941292743263
2018-07-30,1.0410461628136467
2018-07-31,1.0397674577368121
2018-08-01,1.1151579864840568
2018-08-02,1.1097212024111185
2018-08-03,1.095604154719821
2018-08-06,1.0416638809815586
2018-08-07,1.0573724979711383
2018-08-08,1.0358968553177799
2018-08-09,1.0436948637684826
2018-08-10,1.0423296391583374
2018-08-13,1.0187299220838621
2018-08-14,1.0272853893042035
2018-08-15,1.0255754312485057
2018-08-16,1.0461593070032014
2018-08-17,1.0447193591026875
2018-08-20,1.055926142243794
2018-08-21,1.0357229708597715
2018-08-22,1.025355303455916
2018-08-23,1.0193802833342829
2018-08-24,1.0068317444564727
2018-08-27,0.9979488994496188
2018-08-28,0.979267281747178
2018-08-29,0.9774882855914524
2018-08-30,0.9699793763218792
2018-08-31,0.9443668780146336
2018-09-04,0.939695235128412
2018-09-05,0.9497216284318669
2018-09-06,0.9212562604637548
2018-09-07,0.9553511008831678
2018-09-10,0.9485816657136813
2018-09-11,0.9754250576820539
2018-09-12,0.9678846654888773
2018-09-13,0.96841586223114
2018-09-14,0.972210537370174
2018-09-17,0.961072188125287
2018-09-18,0.9830809968582688
2018-09-19,0.992235842626469
2018-09-20,0.9987738498389321
2018-09-21,0.9954646584477226
2018-09-24,0.9925647448264264
2018-09-25,1.0094985691590646
2018-09-26,1.0052074294774125
2018-09-27,0.9097625345110827
2018-09-28,0.9751440798432317
2018-10-01,0.9854288364385835
2018-10-02,0.9748229836633588
2018-10-03,0.9660247625082135
2018-10-04,0.983842163858639
2018-10-05,0.9977158137847012
2018-10-08,0.9729673621594899
2018-10-09,0.9475434912222145
2018-10-10,0.9357207508731487
2018-10-11,0.946299858679252
2018-10-12,0.96916791067845
2018-10-15,0.9588875763063278
2018-10-16,0.9618529392584699
2018-10-17,0.9687576817644142
2018-10-18,0.9824758536940202
2018-10-19,0.9850758886722283
2018-10-22,0.9007777957635787
2018-10-23,0.8653210762910334
2018-10-24,0.8440821431577139
2018-10-25,0.8031594018092469
2018-10-26,0.7726955139060692
2018-10-29,0.8146296056371736
2018-10-30,0.8211779114786145
2018-10-31,0.8268589538290945
2018-11-01,0.8182550573028444
2018-11-02,0.8181770121524362
2018-11-05,0.8171864881850224
2018-11-06,0.8139840556701168
2018-11-07,0.7953619672779572
2018-11-08,0.7957569181219644
2018-11-09,0.7863430911933494
2018-11-12,0.7977652022398777
2018-11-13,0.7873630623334844
2018-11-14,0.7926799723703639
2018-11-15,0.7115938025698245
2018-11-16,0.669797608592879
2018-11-19,0.6855598951283558
2018-11-20,0.6847066892369342
2018-11-21,0.6978875079625884
2018-11-23,0.6957156822223286
2018-11-26,0.6992799890749729
2018-11-27,0.7096884677085344
2018-11-28,0.7108731368744937
2018-11-29,0.7149426315879437
2018-11-30,0.7212409697772456
2018-12-03,0.6925616220832767
2018-12-04,0.6919051863028923
2018-12-06,0.6734897760166948
2018-12-07,0.6763913213379199
2018-12-10,0.6667166999794705
2018-12-11,0.6684998910228536
2018-12-12,0.6591231171486052
2018-12-13,0.6634484126389151
2018-12-14,0.6726494739330692
2018-12-17,0.6914805271232394
2018-12-18,0.6758152994785939
2018-12-19,0.6853071669848456
2018-12-20,0.6665148368256565
2018-12-21,0.6855889518810022
2018-12-24,0.6661839704542326
2018-12-26,0.6715130187645694
2018-12-27,0.658964061724542
2018-12-28,0.6597167109124894
2018-12-31,0.6888727941200425
2019-01-02,0.6789112308627911
2019-01-03,0.6810486217948488
2019-01-04,0.6805813625134554
2019-01-07,0.6717616512841604
2019-01-08,0.6751644632862217
2019-01-09,0.675050382149063
2019-01-10,0.6811469661613002
2019-01-11,0.6974608250998303
2019-01-14,0.6856867199691207
2019-01-15,0.6816753862252366
2019-01-16,0.6869924883502702
2019-01-17,0.7434158985831717
2019-01-18,0.7586950393006291
2019-01-22,0.7744043271926506
2019-01-23,0.7913130285031669
2019-01-24,0.789564023638743
2019-01-25,0.7359473446803768
2019-01-28,0.7175089327077303
2019-01-29,0.7195909360482213
2019-01-30,0.7383263769511957
2019-01-31,0.7345718287839174
2019-02-01,0.7450379133331113
2019-02-04,0.736980194376281
2019-02-05,0.7491436126637132
2019-02-06,0.746975253615381
2019-02-07,0.7508914450384451
2019-02-08,0.7379612255800464
2019-02-11,0.7510714494208737
2019-02-12,0.7596516401212599
2019-02-13,0.7691959006916884
2019-02-14,0.7710195855632488
2019-02-15,0.7720393508016364
2019-02-19,0.7806948507277816
2019-02-20,0.7729164895882076
2019-02-21,0.7690287976982514
2019-02-22,0.7755990318414726
2019-02-25,0.7782558531072477
2019-02-26,0.8045175128372084
2019-02-27,0.7953510980640223
2019-02-28,0.8322448280599942
2019-03-01,0.8180693872876623
2019-03-04,0.8061626724785026
2019-03-05,0.8171411909276175
2019-03-06,0.8252296114085602
2019-03-07,0.81785035646985
2019-03-08,0.8365285261997867
2019-03-11,0.8509537096061919
2019-03-12,0.8585885569860003
2019-03-13,0.8492994506349382
2019-03-14,0.8814371126095417
2019-03-15,0.8887454997200376
2019-03-18,0.9098891868397699
2019-03-19,0.9237671135190053
2019-03-20,0.9483506887100066
2019-03-21,0.9481617143572382
2019-03-22,0.9506971337390316
2019-03-25,0.9457672090998982
2019-03-26,0.9322129554247328
2019-03-27,0.9277986303375443
2019-03-28,0.9317617011596329
2019-03-29,0.9233393347240388
2019-04-01,0.9304445048176667
2019-04-02,0.9350400361646305
2019-04-03,0.9726405379816528
2019-04-04,0.9787151518721827
2019-04-05,0.9733965702631509
2019-04-08,0.9782615332020692
2019-04-09,0.9789193953850367
2019-04-10,0.9668195652445936
2019-04-11,0.9693869330066022
2019-04-12,0.9582103760927413
2019-04-15,0.9547584954811498
2019-04-16,0.956127582689791
2019-04-17,0.9500898762936059
2019-04-18,0.9737887205921846
2019-04-22,0.9701754616990654
2019-04-23,0.959322418801223
2019-04-24,0.9494940165715562
2019-04-25,0.9479516223106347
2019-04-26,0.9573868492984495
2019-04-29,0.9474762084989005
2019-04-30,0.9395588239021172
2019-05-01,0.9527668908807053
2019-05-02,0.9745271464244859
2019-05-03,0.9836040714098794
2019-05-06,0.9811489662316139
2019-05-07,0.9878408844801888
2019-05-08,0.983091961445001
2019-05-09,0.9841325087453987
2019-05-10,0.9795337952713268
2019-05-13,0.9791957717725026
2019-05-14,0.9725271211242493
2019-05-15,0.9820705275523933
2019-05-16,1.0080258204592114
2019-05-17,1.0099224459505993
2019-05-20,1.021618124635219
2019-05-21,1.0002944628447468
2019-05-22,1.0234793819182824
2019-05-23,1.0183160665330295
2019-05-24,1.0195089078255906
2019-05-28,1.0057838328404582
2019-05-29,1.0062162682735298
2019-05-30,1.0012938101220517
2019-05-31,0.9907903222292578
2019-06-03,0.997186272311911
2019-06-04,0.9834647703859275
2019-06-05,0.9981911537618899
2019-06-06,0.9886569831287882
2019-06-07,0.998943865064435
2019-06-10,0.9969094129258602
2019-06-11,0.9998511179754049
2019-06-12,0.9957604049950655
2019-06-13,0.9812581030646277
2019-06-14,0.9594071602496202
2019-06-17,0.9861101524892886
2019-06-18,0.9830734249606706
2019-06-19,1.0010873673966276
2019-06-20,1.0137975529960834
2019-06-21,1.0127108491728165
2019-06-24,1.0176018985075495
2019-06-25,0.9903669818762463
2019-06-26,0.994693725234359
2019-06-27,0.9963866344758691
2019-06-28,0.9939525495626862
2019-07-01,0.987899581406664
2019-07-02,0.9667253477231295
2019-07-03,0.9705515498636766
2019-07-05,0.9671550679671652
2019-07-08,0.9681248104339983
2019-07-09,0.9578924523651517
2019-07-10,0.9770699804584759
2019-07-11,0.9677050214233733
2019-07-12,0.9501623408269884
2019-07-15,0.9516991286167661
2019-07-16,0.9545701730319434
2019-07-17,0.9582871270412917
2019-07-18,0.944654979092505
2019-07-19,0.9573638165379075
2019-07-22,0.9610829401776658
2019-07-23,0.9605302385534903
2019-07-24,0.9093227396937658
2019-07-25,0.9033402953530635
2019-07-26,0.9192635666351698
2019-07-29,0.9303383923523098
2019-07-30,0.9468924847480874
2019-07-31,0.9514726896438918
2019-08-01,0.9396693195629804
2019-08-02,0.9214922707120251
2019-08-05,0.9212610941774402
2019-08-06,0.9206772983617102
2019-08-07,0.9240344870896372
2019-08-08,0.9185647234529408
2019-08-09,0.9221386001838026
2019-08-12,0.9240265296311017
2019-08-13,0.9366460165817403
2019-08-14,0.9409781444581086
2019-08-15,0.9657009308701187
2019-08-16,0.9845708094789932
2019-08-19,0.9783331830115037
2019-08-20,0.9989506218375662
2019-08-21,0.9967869254544176
2019-08-22,0.9945983443543704
2019-08-23,0.9953706619690919
2019-08-26,1.004269186337644
2019-08-27,0.9994665923733382
2019-08-28,1.0031017971677587
2019-08-29,0.9958494302370686
2019-08-30,1.004445497986353
2019-09-03,1.0281433951301833
2019-09-04,1.015425657390228
2019-09-05,1.0137818125833284
2019-09-06,1.0182283295770636
2019-09-09,1.0175905544923525
2019-09-10,0.9957685925138063
2019-09-11,0.9933988163914532
2019-09-12,0.9983514389113743
2019-09-13,0.9984936871214185
2019-09-16,0.996761658166328
2019-09-17,0.9963997978461825
2019-09-18,0.9816989979017297
2019-09-19,0.9817896273049189
2019-09-20,0.9865925322329445
2019-09-23,1.0169649266784124
2019-09-24,1.012644148846649
2019-09-25,1.04584108720781
2019-09-26,1.0303005187589247
2019-09-27,1.0398547596183605
2019-09-30,1.0314782431553657
2019-10-01,1.0319063050840835
2019-10-02,1.0779354912990018
2019-10-03,1.0722259151833224
2019-10-04,1.0799147429516516
2019-10-07,1.05390238875686
2019-10-08,1.0543376425921442
2019-10-09,1.0606886070574748
2019-10-10,1.0624842408830941
2019-10-11,1.0445289071390316
2019-10-14,1.0702211514242508
2019-10-15,1.0604453508460165
2019-10-16,1.0561333487078481
2019-10-17,1.0559894913047332
2019-10-18,1.0783457871642412
2019-10-21,1.0728051741946891
2019-10-22,1.073260679448594
2019-10-23,1.163210885351883
2019-10-24,1.1307060001430858
2019-10-25,1.1376533138671967
2019-10-28,1.1469797241093713
2019-10-29,1.1493833126856312
2019-10-30,1.1439701819918229
2019-10-31,1.1513740038691338
2019-11-01,1.1661040451822609
2019-11-04,1.1641220936802825
2019-11-05,1.141476476489273
2019-11-06,1.1278159308843327
2019-11-07,1.123595042997967
2019-11-08,1.111434529021152
2019-11-11,1.1073886577354057
2019-11-12,1.1106793020152348
2019-11-13,1.1087996405167257
2019-11-14,1.08944979109854
2019-11-15,1.1144828607774275
2019-11-18,1.0880251346167285
2019-11-19,1.107386738219285
2019-11-20,1.1006481027820965
2019-11-21,1.1363234259840236
2019-11-22,1.1141137142933495
2019-11-25,1.1157801933115115
2019-11-26,1.1153783366043661
2019-11-27,1.1137495484411661
2019-11-29,1.0862176464737325
2019-12-02,1.0800097776183708
2019-12-03,1.0895856859467437
2019-12-04,1.0921519604132497
2019-12-05,1.092067915591391
2019-12-06,1.0979688765071485
2019-12-09,1.108352518730418
2019-12-10,1.1058404287091224
2019-12-11,1.0996253169275447
2019-12-12,1.1014000328800528
2019-12-13,1.0687698285865492
2019-12-16,1.0797166510345764
2019-12-17,1.062396574859088
2019-12-18,1.0614462678972802
2019-12-19,1.068292421539077
2019-12-20,1.0490803099286294
2019-12-23,1.0410941650249086
2019-12-24,1.0353622610346138
2019-12-26,1.0310721821385298
2019-12-27,1.0398807140884763
2019-12-30,1.037777487979907
2019-12-31,1.0331760425898544
2020-01-02,1.0096488275069209
2020-01-03,1.0019848257610446
2020-01-06,0.9886600659444016
2020-01-07,0.9652579779390711
2020-01-08,0.9811733702005652
2020-01-09,0.9870097602524823
2020-01-10,0.954300907965065
2020-01-13,0.9335363350721152
2020-01-14,0.9471181581379108
2020-01-15,0.9582022110351583
2020-01-16,0.9616198651065747
2020-01-17,0.9244917456270036
2020-01-21,0.90956899225315
2020-01-22,0.9125028079376731
2020-01-23,0.914109715788207
2020-01-24,0.9008513336564332
2020-01-27,0.9083008221807255
2020-01-28,0.89251651809642
2020-01-29,0.8470803658335495
2020-01-30,0.8245059532237966
2020-01-31,0.7492799898502278
2020-02-03,0.7084447627403941
2020-02-04,0.7744666754260244
2020-02-05,0.7723461800564856
2020-02-06,0.7687825062890274
2020-02-07,0.7742228516564239
2020-02-10,0.779946940780711
2020-02-11,0.7902381097347829
2020-02-12,0.7688320373367591
2020-02-13,0.797710164936075
2020-02-14,0.7778944701003009
2020-02-18,0.7749752421076928
2020-02-19,0.7751575919399963
2020-02-20,0.7561099768549193
2020-02-21,0.7576078173574975
2020-02-24,0.7574090839498501
2020-02-25,0.7755301686840255
2020-02-26,0.8036239285848253
2020-02-27,0.8379231211393575
2020-02-28,0.8003303372951174
2020-03-02,0.7840832827047298
2020-03-03,0.8094552221152613
2020-03-04,0.8069408290057933
2020-03-05,0.8079976250149805
2020-03-06,0.8315573110705748
2020-03-09,0.8306309057077054
2020-03-10,0.8145240286573633
2020-03-11,0.8120070714813525
2020-03-12,0.8681495295436781
2020-03-13,0.8676207253114938
2020-03-16,0.9282315562104506
2020-03-17,0.8846861215513545
2020-03-18,0.9438673393145309
2020-03-19,0.9597673108921312
2020-03-20,0.951158565504613
2020-03-23,0.955339369693341
2020-03-24,0.9160977684678698
2020-03-25,0.947229147358145
2020-03-26,0.9512507218965901
2020-03-27,0.9868262074241564
2020-03-30,1.0120462636424479
2020-03-31,1.0136385072753682
2020-04-01,0.9593428964900659
2020-04-02,1.0079431743891576
2020-04-03,1.0205148116310818
2020-04-06,0.9737873446653836
2020-04-07,0.9856299583473421
2020-04-08,0.9565926477105537
2020-04-09,0.9040835703665319
2020-04-13,0.9214021232787017
2020-04-14,0.9033835393592702
2020-04-15,0.9162042357704457
2020-04-16,0.9071298680721332
2020-04-17,0.9034985162294795
2020-04-20,0.9119827848006136
2020-04-21,0.9100367365325597
2020-04-22,0.9230439029613796
2020-04-23,0.919349909614102
2020-04-24,0.8846100530707239
2020-04-27,0.8924663925191503
2020-04-28,0.8851454886244591
2020-04-29,0.8862759925359504
2020-04-30,0.9175613342156781
2020-05-01,0.9429782558076405
2020-05-04,0.9432966963672931
2020-05-05,0.945672460420458
2020-05-06,0.9584894426739211
2020-05-07,0.9462903595870096
2020-05-08,0.9663043591553604
2020-05-11,0.9516666798623514
2020-05-12,0.9422283924360028
2020-05-13,0.9343930176074733
2020-05-14,0.9635564761986035
2020-05-15,0.969592253773783
2020-05-18,0.9760026994074107
2020-05-19,0.9805603746846802
2020-05-20,0.9626845395486233
2020-05-21,0.9826788656378568
2020-05-22,0.9647128914505008
2020-05-26,0.9532453384029429
2020-05-27,0.9594891268143255
2020-05-28,0.9640695059388226
2020-05-29,0.9238870416325256
2020-06-01,0.9333898485702375
2020-06-02,0.9371009318653207
2020-06-03,0.9470168595113161
2020-06-04,0.9503849236153931
2020-06-05,0.9098132492733849
2020-06-08,0.9266858435974318
2020-06-09,0.9015116884631429
2020-06-10,0.8970458036005512
2020-06-11,0.9213204586803341
2020-06-12,0.9063436498591855
2020-06-15,0.9051524379915471
2020-06-16,0.9090634768021659
2020-06-17,0.9025926054879424
2020-06-18,0.9060804227200746
2020-06-19,0.9220681084211205
2020-06-22,0.9148726957091207
2020-06-23,0.9232123225069018
2020-06-24,0.9238292480863312
2020-06-25,0.91980783087597
2020-06-26,0.8983056871161662
2020-06-29,0.8815026127923308
2020-06-30,0.8962682837634289
2020-07-01,0.8645047695853963
2020-07-02,0.8164331514830867
2020-07-06,0.8123693272688416
2020-07-07,0.833534663595532
2020-07-08,0.8368226827430786
2020-07-09,0.7904980202898294
2020-07-10,0.7865927564221697
2020-07-13,0.7940861938231822
2020-07-14,0.7807210789443093
2020-07-15,0.7886509940837984
2020-07-16,0.7911762791767011
2020-07-17,0.7657302650046814
2020-07-20,0.7764720012277049
2020-07-21,0.7746870112276889
2020-07-22,0.7825006098135424
2020-07-23,0.8098201209779581
2020-07-24,0.7838352344397057
2020-07-27,0.7921264225193022
2020-07-28,0.7957453538839564
2020-07-29,0.8045145828619622
2020-07-30,0.8198559002105692
2020-07-31,0.8195827544787403
2020-08-03,0.8271361844617636
2020-08-04,0.8298674333378776
2020-08-05,0.8304007338252457
2020-08-06,0.8356797979846428
2020-08-07,0.8442266867930792
2020-08-10,0.8454607412780094
2020-08-11,0.8129671142174566
2020-08-12,0.7957560322965225
2020-08-13,0.7988595866260396
2020-08-14,0.8168882103966268
2020-08-17,0.8029156465848206
2020-08-18,0.8007297492255089
2020-08-19,0.7745173457732594
2020-08-20,0.7825172162438806
2020-08-21,0.7904904469078281
2020-08-24,0.7896019861042969
2020-08-25,0.7649817004645231
2020-08-26,0.7454534403352696
2020-08-27,0.7650141848339113
2020-08-28,0.723533355437259
2020-08-31,0.694453741161978
2020-09-01,0.727891181972746
2020-09-02,0.7269654853545148
2020-09-03,0.748054885024075
2020-09-04,0.80582184261257
2020-09-08,0.7889166635810513
2020-09-09,0.7709566561258245
2020-09-10,0.7770058929649266
2020-09-11,0.7507384941874471
2020-09-14,0.7272274661460456
2020-09-15,0.7203598147472029
2020-09-16,0.7338324751774059
2020-09-17,0.7095491100600794
2020-09-18,0.713284906286996
2020-09-21,0.7366825272938918
2020-09-22,0.7598034493064992
2020-09-23,0.7593934433624961
2020-09-24,0.7564129859071771
2020-09-25,0.7482887977269249
2020-09-28,0.7556512067692892
2020-09-29,0.7554017293219343
2020-09-30,0.7408923038565978
2020-10-01,0.7531909712689667
2020-10-02,0.7603276873971611
2020-10-05,0.773404090430586
2020-10-06,0.7692095951268083
2020-10-07,0.7651972715299467
2020-10-08,0.7558573511647159
2020-10-09,0.7613566833936062
2020-10-12,0.7582032113534443
2020-10-13,0.7416838066117327
2020-10-14,0.7349981495767235
2020-10-15,0.7383691515719597
2020-10-16,0.7374272212937809
2020-10-19,0.7490623298467946
2020-10-20,0.7451106243612006
2020-10-21,0.7523912676432231
2020-10-22,0.7634178785141381
2020-10-23,0.7511151290490865
2020-10-26,0.754492348383522
2020-10-27,0.7493756527537171
2020-10-28,0.7567248876189031
2020-10-29,0.7634913754726793
2020-10-30,0.7526309216111148
2020-11-02,0.7437948381215739
2020-11-03,0.7684747597778345
2020-11-04,0.7630573220078004
2020-11-05,0.7809559784891572
2020-11-06,0.7638877474509784
2020-11-09,0.7496538752834648
2020-11-10,0.7624915057049017
2020-11-11,0.7685110586488015
2020-11-12,0.7669687864173864
2020-11-13,0.7736611645780396
2020-11-16,0.7392183592756061
2020-11-17,0.776713325813573
2020-11-18,0.7864734662119426
2020-11-19,0.7837806999866385
2020-11-20,0.7595363172300659
2020-11-23,0.7298584891963963
2020-11-24,0.7342950786972656
2020-11-25,0.7275243435596294
2020-11-27,0.7426532189095137
2020-11-30,0.731093563668416
2020-12-01,0.7452745054756843
2020-12-02,0.7252125324789368
2020-12-03,0.7261503697948344
2020-12-04,0.7015469178106747
2020-12-07,0.7126035769026091
2020-12-08,0.726308418463501
2020-12-09,0.7138916319185808
2020-12-10,0.724744814588405
2020-12-11,0.7152550250730687
2020-12-14,0.7203351647799396
2020-12-15,0.7231054994959181
2020-12-16,0.7065553013448894
2020-12-17,0.683662098425917
2020-12-18,0.7074140305358666
2020-12-21,0.7111850103965843
2020-12-22,0.7008294600284409
2020-12-23,0.6918594936809
2020-12-24,0.6883463985954742
2020-12-28,0.6883303663002154
2020-12-29,0.6788127979237222
2020-12-30,0.671162726651936
2020-12-31,0.6611960286105237
2021-01-04,0.6661336575124281
2021-01-05,0.6370455031281793
2021-01-06,0.6439435937130112
2021-01-07,0.6170784971984754
2021-01-08,0.5849302908342496
2021-01-11,0.5682116177273577
2021-01-12,0.5675218175798149
2021-01-13,0.5637068810127414
2021-01-14,0.5627113227440039
2021-01-15,0.5600685255309072
2021-01-19,0.565443055845837
2021-01-20,0.5778636711759043
2021-01-21,0.5740819271370867
2021-01-22,0.5612617021385797
2021-01-25,0.5560393445126226
2021-01-26,0.5512915767312897
2021-01-27,0.5633010133191108
2021-01-28,0.5761071127028973
2021-01-29,0.5647771991077716
2021-02-01,0.5605123170525566
2021-02-02,0.5657849801498553
2021-02-03,0.5701503815186038
2021-02-04,0.567871629155366
2021-02-05,0.5818449558270644
2021-02-08,0.5830135730820212
2021-02-09,0.608579578294931
2021-02-10,0.6011425492227372
2021-02-11,0.5937791369317915
2021-02-12,0.6083407755257636
2021-02-16,0.5991878462901732
2021-02-17,0.601678595652627
2021-02-18,0.6059753191082669
2021-02-19,0.6202974473854401
2021-02-22,0.622480564534639
2021-02-23,0.6338544455363376
2021-02-24,0.6333556380652883
2021-02-25,0.646163103352131
2021-02-26,0.6286303826333219
2021-03-01,0.6327220646824666
2021-03-02,0.6338432089298486
2021-03-03,0.6385047863028498
2021-03-04,0.6529273411676214
2021-03-05,0.6565959330873272
2021-03-08,0.6184951948096846
2021-03-09,0.6172484090531587
2021-03-10,0.6156803508412697
2021-03-11,0.6150100540004919
2021-03-12,0.6167191486689566
2021-03-15,0.6325909474849634
2021-03-16,0.6221343219197374
2021-03-17,0.6150148223444174
2021-03-18,0.6171900886049929
2021-03-19,0.6182489349511819
2021-03-22,0.6191631488189127
2021-03-23,0.6239346229145132
2021-03-24,0.6162792547048428
2021-03-25,0.5983820097725601
2021-03-26,0.6045172844497596
2021-03-29,0.590685240433624
2021-03-30,0.5947493578324943
2021-03-31,0.6078182565323839
2021-04-01,0.6174147067876682
2021-04-05,0.6204349385929253
2021-04-06,0.60486913246019
2021-04-07,0.606942891218695
2021-04-08,0.6117154972320478
2021-04-09,0.6058091675744729
2021-04-12,0.58913498820905
2021-04-13,0.5932099802052838
2021-04-14,0.5791921076869582
2021-04-15,0.5835862895263443
2021-04-16,0.5837767032430311
2021-04-19,0.5891762032543273
2021-04-20,0.5957940690498739
2021-04-21,0.5959098484856089
2021-04-22,0.5916021906004596
2021-04-23,0.5910537002669535
2021-04-26,0.5794952015431679
2021-04-27,0.5772275803647243
2021-04-28,0.5690865413440438
2021-04-29,0.588565253301881
2021-04-30,0.5817663478514351
2021-05-03,0.5864983879697596
2021-05-04,0.58314944620887
2021-05-05,0.5786191136053326
2021-05-06,0.5767175931391025
2021-05-07,0.56877095632085
2021-05-10,0.5626183654003337
2021-05-11,0.5609340936100333
2021-05-12,0.5541807419309531
2021-05-13,0.5512217876907759
2021-05-14,0.546682524454106
2021-05-17,0.5433084871595986
2021-05-18,0.5355828515934168
2021-05-19,0.5362447075596594
2021-05-20,0.5458924861224366
2021-05-21,0.545179744704549
2021-05-24,0.5465973569522765
2021-05-25,0.5409804805179368
2021-05-26,0.5321996979793507
2021-05-27,0.547577242290882
2021-05-28,0.5484931858161023
2021-06-01,0.5654024545742238
2021-06-02,0.5837092093168885
2021-06-03,0.5865965749900526
2021-06-04,0.5843050622492997
2021-06-07,0.5823552774271791
2021-06-08,0.5831048648164394
2021-06-09,0.5786942840008643
2021-06-10,0.5854594269860243
2021-06-11,0.5848921345938575
2021-06-14,0.5898293053439552
2021-06-15,0.5921739596070472
2021-06-16,0.6005108064930302
2021-06-17,0.5969525376060344
2021-06-18,0.5947542768858397
2021-06-21,0.6007820949703636
2021-06-22,0.6138992924488554
2021-06-23,0.6223796731232127
2021-06-24,0.6215661429462233
2021-06-25,0.6137785264583486
2021-06-28,0.6096010570018596
2021-06-29,0.6094929950522923
2021-06-30,0.6055027260212228
2021-07-01,0.6018124706719256
2021-07-02,0.5901434214422785
2021-07-06,0.5881214422647753
2021-07-07,0.598614003950553
2021-07-08,0.5989313774451183
2021-07-09,0.6051371651916688
2021-07-12,0.6014384487079649
2021-07-13,0.6006759124162314
2021-07-14,0.6126576337927524
2021-07-15,0.6026636454601708
2021-07-16,0.6119876993329105
2021-07-19,0.6214765912549464
2021-07-20,0.6372471791590669
2021-07-21,0.6432063100468939
2021-07-22,0.6455267174106762
2021-07-23,0.6340160983976395
2021-07-26,0.6388059533537466
2021-07-27,0.6426161765225131
2021-07-28,0.6301593765594304
2021-07-29,0.6229587937218526
2021-07-30,0.6167764415168265
2021-08-02,0.617763672274614
2021-08-03,0.6244058890008604
2021-08-04,0.6283630916453623
2021-08-05,0.6310714621929436
2021-08-06,0.6233518170177618
2021-08-09,0.6194883685266394
2021-08-10,0.61674423313114
2021-08-11,0.6136895774993371
2021-08-12,0.6202041599028797
2021-08-13,0.6299606876963958
2021-08-16,0.628337972827371
2021-08-17,0.6460723324427485
2021-08-18,0.6662032905083309
2021-08-19,0.6799777077582075
2021-08-20,0.6856076416781219
2021-08-23,0.6819786593882409
2021-08-24,0.6872438527039804
2021-08-25,0.6898472118605676
2021-08-26,0.6934354741896723
2021-08-27,0.6849852706114786
2021-08-30,0.6782233811560667
2021-08-31,0.6766376578544461
2021-09-01,0.6765184251147832
2021-09-02,0.6703132065297631
2021-09-03,0.6588114604384357
2021-09-07,0.6639175101113365
2021-09-08,0.6610693860278206
2021-09-09,0.673690338093467
2021-09-10,0.6816505379622829
2021-09-13,0.6823555076301723
2021-09-14,0.6860306273145712
2021-09-15,0.6880805966180878
2021-09-16,0.6945016508265034
2021-09-17,0.6954187134130864
2021-09-20,0.6932277242219684
2021-09-21,0.6986680007645211
2021-09-22,0.706494438779711
2021-09-23,0.7225187545965628
2021-09-24,0.7077161391676414
2021-09-27,0.7172444658541097
2021-09-28,0.71235524507219
2021-09-29,0.718475639953983
2021-09-30,0.7190469415572199
2021-10-01,0.6986137930317985
2021-10-04,0.7117519989686711
2021-10-05,0.7151091073966295
2021-10-06,0.7166216427011963
2021-10-07,0.716148367972842
2021-10-08,0.7108655720231082
2021-10-11,0.704268347058991
2021-10-12,0.7064830104049828
2021-10-13,0.7169555043117805
2021-10-14,0.7080465647499472
2021-10-15,0.7024993356358006
2021-10-18,0.705934268106023
2021-10-19,0.7023422403287621
2021-10-20,0.7002654011985467
2021-10-21,0.7058811444165526
2021-10-22,0.668025284511395
2021-10-25,0.6435652162853829
2021-10-26,0.6339567744522271
2021-10-27,0.6283428873756468
2021-10-28,0.6254506816298174
2021-10-29,0.6020837736914334
2021-11-01,0.6178780462487704
2021-11-02,0.6091540074740546
2021-11-03,0.641799050476895
2021-11-04,0.6433217232113201
2021-11-05,0.6702538967283929
2021-11-08,0.7088449524605815
2021-11-09,0.7380914582593341
2021-11-10,0.7512875061758254
2021-11-11,0.7619156442831806
2021-11-12,0.7591048542203443
2021-11-15,0.7723334971601789
2021-11-16,0.7477404667232489
2021-11-17,0.7760520932034298
2021-11-18,0.7776982715688746
2021-11-19,0.7587924341636682
2021-11-22,0.7719945479490672
2021-11-23,0.7631381922342929
2021-11-24,0.7651652642166926
2021-11-26,0.7684353051163616
2021-11-29,0.7791126190423182
2021-11-30,0.7812928268358483
2021-12-01,0.7689911126656825
2021-12-02,0.7614542578269058
2021-12-03,0.7673595806328146
2021-12-06,0.7816312058434045
2021-12-07,0.795271731552529
2021-12-08,0.8028236388305767
2021-12-09,0.7936814528097015
2021-12-10,0.7866651111400722
2021-12-13,0.7923442159702737
2021-12-14,0.8147866818878147
2021-12-15,0.822016243000285
2021-12-16,0.8110238628850046
2021-12-17,0.8240145176587691
2021-12-20,0.8215171714899252
2021-12-21,0.8477167600884977
2021-12-22,0.8267607493826422
2021-12-23,0.8345165670044904
2021-12-27,0.8282007469303897
2021-12-28,0.8246896173874876
2021-12-29,0.8250052983024596
2021-12-30,0.8277866777715821
2021-12-31,0.7817762046624335
2022-01-03,0.7873365349001104
2022-01-04,0.7857229824686882
2022-01-05,0.8023496876416274
2022-01-06,0.8033182517234848
2022-01-07,0.7933904753371849
2022-01-10,0.7970707146689295
2022-01-11,0.784024863280869
2022-01-12,0.7905354654737515
2022-01-13,0.789087903601076
2022-01-14,0.7810530554282668
2022-01-18,0.7816510296584198
2022-01-19,0.7671139155037044
2022-01-20,0.7749441292801333
2022-01-21,0.7806164731776386
2022-01-24,0.7679835425368466
2022-01-25,0.767755706497549
2022-01-26,0.7981417334743688
2022-01-27,0.8061281480917808
2022-01-28,0.7921415020073793
2022-01-31,0.7969173328988464
2022-02-01,0.8176373156047694
2022-02-02,0.8032266368553682
2022-02-03,0.7949586032802571
2022-02-04,0.808518117447114
2022-02-07,0.8081951327548282
2022-02-08,0.8295149867461418
2022-02-09,0.8280527979705137
2022-02-10,0.8183738702981274
2022-02-11,0.8163194949568874
2022-02-14,0.8320455427367511
2022-02-15,0.8318642820547998
2022-02-16,0.8215998845200658
2022-02-17,0.8161863890417833
2022-02-18,0.8287099677500644
2022-02-22,0.8399387774858199
2022-02-23,0.8452932219903718
2022-02-24,0.8477641988299349
2022-02-25,0.8200768106579291
2022-02-28,0.807651330683534
2022-03-01,0.8132561062376197
2022-03-02,0.823526553087815
2022-03-03,0.8105016944724585
2022-03-04,0.7988153316844848
2022-03-07,0.7920114370626188
2022-03-08,0.8030085784358765
2022-03-09,0.8064661253345816
2022-03-10,0.8171949481868429
2022-03-11,0.8178407074837276
2022-03-14,0.830383238519302
2022-03-15,0.838051017571175
2022-03-16,0.827034417629953
2022-03-17,0.8391689099598268
2022-03-18,0.836310519837678
2022-03-21,0.7999785629680345
2022-03-22,0.7844845350099502
2022-03-23,0.8171763610712705
2022-03-24,0.811852955432763
2022-03-25,0.7869621607415761
2022-03-28,0.7902672068983111
2022-03-29,0.7789567017865934
2022-03-30,0.7788002516128172
2022-03-31,0.7895175755729578
2022-04-01,0.8021059147589359
2022-04-04,0.8040714189568281
2022-04-05,0.8109319583975524
2022-04-06,0.8187020138854828
2022-04-07,0.8248141067493622
2022-04-08,0.8263264875888555
2022-04-11,0.8387716301662642
2022-04-12,0.8402063291313987
2022-04-13,0.8427240784510496
2022-04-14,0.8448767098018773
2022-04-18,0.8468711398950164
2022-04-19,0.8395307774123151
2022-04-20,0.8784842408477248
2022-04-21,0.865566798397179
2022-04-22,0.877170083910404
2022-04-25,0.9060588694755592
2022-04-26,0.9176761612754
2022-04-27,0.9538295362038693
2022-04-28,0.9799379841610609
2022-04-29,0.987869937707714
2022-05-02,0.9861665870529104
2022-05-03,0.9810666779448313
2022-05-04,0.9859636925151437
2022-05-05,0.9858676079006605
2022-05-06,0.985060380153506
2022-05-09,0.9956857020332296
2022-05-10,1.0094841959617726
2022-05-11,0.9998065867663221
2022-05-12,1.0185544163622575
2022-05-13,1.0357714314169217
2022-05-16,1.0365233418690019
2022-05-17,1.0364700578451427
2022-05-18,1.0424247662498023
2022-05-19,1.0627870998683613
2022-05-20,1.0604866746149704
2022-05-23,1.0738537441336402
2022-05-24,1.0749339529978381
2022-05-25,1.0627690591060712
2022-05-26,1.073169970887885
2022-05-27,1.0761449050538188
2022-05-31,1.0736116155603332
2022-06-01,1.0857820149826642
2022-06-02,1.0599095229802222
2022-06-03,1.0665413122169702
2022-06-06,1.0691639634294512
2022-06-07,1.0835572162758433
2022-06-08,1.096176804579082
2022-06-09,1.111686176626142
2022-06-10,1.1077062251170122
2022-06-13,1.1011773958301438
2022-06-14,1.0950185522781006
2022-06-15,1.1110900922994114
2022-06-16,1.1106812181081622
2022-06-17,1.138639588592581
2022-06-21,1.1434481144143596
2022-06-22,1.1457102714552252
2022-06-23,1.13980688207753
2022-06-24,1.1330670684513038
2022-06-27,1.1316512042884528
2022-06-28,1.137103819340089
2022-06-29,1.1411041143020562
2022-06-30,1.1721319171099323
2022-07-01,1.1693164316726181
2022-07-05,1.1594742698522682
2022-07-06,1.1636227235033425
2022-07-07,1.1791561002536572
2022-07-08,1.166088630151451
2022-07-11,1.1656190854365092
2022-07-12,1.1723728342730175
2022-07-13,1.1674681350102791
2022-07-14,1.156970493798674
2022-07-15,1.1457031984891872
2022-07-18,1.1258557558110542
2022-07-19,1.1033640568292777
2022-07-20,1.149813069728006
2022-07-21,1.1742024869968246
2022-07-22,1.176001409467197
2022-07-25,1.1800207526708415
2022-07-26,1.1884984922568704
2022-07-27,1.195155268289092
2022-07-28,1.1665090699130405
2022-07-29,1.1578173642767384
2022-08-01,1.1615907448132505
2022-08-02,1.1632574809407241
2022-08-03,1.17084697491186
2022-08-04,1.1389281493065946
2022-08-05,1.1792422111389298
2022-08-08,1.1702055837756682
2022-08-09,1.158365492895902
2022-08-10,1.1480980001219478
2022-08-11,1.1504220484366614
2022-08-12,1.14255756213183
2022-08-15,1.142065268702918
2022-08-16,1.1537349745580703
2022-08-17,1.1378261668370524
2022-08-18,1.154158716798044
2022-08-19,1.1673782312500198
2022-08-22,1.1592559052727958
2022-08-23,1.1593820454559
2022-08-24,1.1846463680541548
2022-08-25,1.2233569074114343
2022-08-26,1.2130439864216909
2022-08-29,1.2106836634874785
2022-08-30,1.220747875107411
2022-08-31,1.2709579305343883
2022-09-01,1.2682657576641998
2022-09-02,1.2866158461322206
2022-09-06,1.2962641611702355
2022-09-07,1.2959062426602617
2022-09-08,1.300884197209851
2022-09-09,1.305830645463783
2022-09-12,1.3413059791023603
2022-09-13,1.3655186881708865
2022-09-14,1.3784529919957678
2022-09-15,1.3937183887269773
2022-09-16,1.3971842455747665
2022-09-19,1.4071311470541636
2022-09-20,1.429747150515883
2022-09-21,1.4385103401701766
2022-09-22,1.4079850323809424
2022-09-23,1.4259424175192719
2022-09-26,1.4330436054930924
2022-09-27,1.426767016962448
2022-09-28,1.4070683142169804
2022-09-29,1.4039731128275992
2022-09-30,1.3219034643560825
2022-10-03,1.3065101261957135
2022-10-04,1.2818228518238437
2022-10-05,1.2785278736400023
2022-10-06,1.289429305772665
2022-10-07,1.3107604549829253
2022-10-10,1.296494650646043
2022-10-11,1.3035279692266821
2022-10-12,1.3161326540930245
2022-10-13,1.3254605197726608
2022-10-14,1.3328777611694396
2022-10-17,1.330995567180968
2022-10-18,1.3319097763463559
2022-10-19,1.2797285263338136
2022-10-20,1.2875407076382939
2022-10-21,1.2711390393806241
2022-10-24,1.2712924695634293
2022-10-25,1.2951682260578885
2022-10-26,1.282387554373423
2022-10-27,1.260147323066083
2022-10-28,1.272812924562577
2022-10-31,1.2742015062109955
2022-11-01,1.2535082510866236
2022-11-02,1.2449287478271638
2022-11-03,1.1881307459760295
2022-11-04,1.1523299158606637
2022-11-07,1.1232899369197225
2022-11-08,1.114809830656538
2022-11-09,1.076131488892258
2022-11-10,1.0712413673320098
2022-11-11,1.0585718930127574
2022-11-14,1.0561573124480066
2022-11-15,1.0597391054745449
2022-11-16,1.0568451269853552
2022-11-17,1.0572926013587862
2022-11-18,1.0243080506008633
2022-11-21,1.0064273630098313
2022-11-22,1.0306768088104252
2022-11-23,1.037497791110403
2022-11-25,1.051809895900256
2022-11-28,1.0520225939041392
2022-11-29,1.0490619545621613
2022-11-30,1.0424843745796943
2022-12-01,1.0507992556595422
2022-12-02,1.0256279759468911
2022-12-05,1.0374589938963303
2022-12-06,1.0164655712052189
2022-12-07,0.9816391824092677
2022-12-08,1.0023224455461601
2022-12-09,0.9551619775771615
2022-12-12,0.9209706879746269
2022-12-13,0.9192487357656827
2022-12-14,0.9405681573582191
2022-12-15,0.9289571362492918
2022-12-16,0.9367105452094914
2022-12-19,0.9038653616814072
2022-12-20,0.8914112529987062
2022-12-21,0.8832103387843676
2022-12-22,0.8792925671755668
2022-12-23,0.8605062752829087
2022-12-27,0.8773353198749863
2022-12-28,0.895084585627744
2022-12-29,0.8997434866002515
2022-12-30,0.8538520187045141
2023-01-03,0.8628051868070679
2023-01-04,0.8644196037499691
2023-01-05,0.8570893097237973
2023-01-06,0.8603509383349757
2023-01-09,0.8493038754977457
2023-01-10,0.86245973036663
2023-01-11,0.8498912692167145
2023-01-12,0.8359318873245748
2023-01-13,0.8471160232769053
2023-01-17,0.8461468015662597
2023-01-18,0.8557723623589562
2023-01-19,0.849388069489778
2023-01-20,0.8500263882385927
2023-01-23,0.8488443534573015
2023-01-24,0.8491581090602258
2023-01-25,0.8852094555192715
2023-01-26,0.9213001777453782
2023-01-27,0.91941118650392
2023-01-30,0.9285245772065279
2023-01-31,0.9170537663930971
2023-02-01,0.9176271599681688
2023-02-02,0.9346573697877295
2023-02-03,0.922655252429873
2023-02-06,0.941513956291717
2023-02-07,0.9515497611287727
2023-02-08,0.9401281779655949
2023-02-09,0.9412159434368543
2023-02-10,0.9242743649362353
2023-02-13,0.9338668415792467
2023-02-14,0.9185199228673564
2023-02-15,0.9293041246704127
2023-02-16,0.9566825619822589
2023-02-17,0.9653944219002702
2023-02-21,0.9716137914776901
2023-02-22,1.0368028396257665
2023-02-23,1.0317553607903394
2023-02-24,1.0551553885728895
2023-02-27,1.0566810404698943
2023-02-28,1.060930145451066
2023-03-01,1.0154662573480036
2023-03-02,1.0212567238181793
2023-03-03,1.0181706154727872
2023-03-06,1.0077944889019972
2023-03-07,0.9731497754806318
2023-03-08,0.9638578093536476
2023-03-09,0.9750003736476389
2023-03-10,0.9779023303337713
2023-03-13,0.979153418958514
2023-03-14,0.9682867202601934
2023-03-15,0.9519209807232962
2023-03-16,0.9381496286815905
2023-03-17,0.9430807987674307
2023-03-20,0.9745250239166017
2023-03-21,0.9536604546559001
2023-03-22,0.9432936744591619
2023-03-23,0.9460047230634206
2023-03-24,0.9538665698697952
2023-03-27,0.9582042126926501
2023-03-28,0.9596595246753358
2023-03-29,0.9560413420632461
2023-03-30,0.9789726599665708
2023-03-31,0.9457158738199428
2023-04-03,0.9490635373297845
2023-04-04,0.9415453097764364
2023-04-05,0.9376437220595966
2023-04-06,0.9268617941199784
2023-04-10,0.939466908922833
2023-04-11,0.9354120542406307
2023-04-12,0.9498629967229305
2023-04-13,0.9422649343609296
2023-04-14,0.9431604419106752
2023-04-17,0.9246713700994095
2023-04-18,0.9109245677422585
2023-04-19,0.8800164039271888
2023-04-20,0.8854148641819329
2023-04-21,0.8798879896700381
2023-04-24,0.8719342265592457
2023-04-25,0.9026001297746897
2023-04-26,0.91699606132779
2023-04-27,0.914018741339658
2023-04-28,0.9400369278142351
2023-05-01,0.9469960217788137
2023-05-02,0.9392561607534039
2023-05-03,0.9334735763532045
2023-05-04,0.9267515772484786
2023-05-05,0.9296539167877736
2023-05-08,0.9275411872900623
2023-05-09,0.9343148680550848
2023-05-10,0.9195334892120111
2023-05-11,0.9266718572720687
2023-05-12,0.9411816829346303
2023-05-15,0.9449302116864587
2023-05-16,0.9397082205412863
2023-05-17,0.9548776081296129
2023-05-18,0.9398608484298396
2023-05-19,0.9157631034722551
2023-05-22,0.9161199658929305
2023-05-23,0.9209558526936227
2023-05-24,1.0292213419137968
2023-05-25,1.0404055172103637
2023-05-26,1.046362055472002
2023-05-30,1.083264337759223
2023-05-31,1.065089393144586
2023-06-01,1.0875785648330147
2023-06-02,1.0989744051045003
2023-06-05,1.1155756366158571
2023-06-06,1.1407472909060252
2023-06-07,1.151133384731472
2023-06-08,1.1706241094073946
2023-06-09,1.172871525213247
2023-06-12,1.1708553967646664
2023-06-13,1.1383189792182469
2023-06-14,1.1409032271270299
2023-06-15,1.150724728172683
2023-06-16,1.1664049815542035
2023-06-20,1.1447031249699677
2023-06-21,1.15632980700216
2023-06-22,1.1497879685963879
2023-06-23,1.1364299673505396
2023-06-26,1.1406273222197363
2023-06-27,1.1165385902936502
2023-06-28,1.1097987094631554
2023-06-29,1.1207156307664876
2023-06-30,1.0835350680604818
2023-07-03,1.0898995518902557
2023-07-05,1.0986009722854766
2023-07-06,1.1080014349556888
2023-07-07,1.1135315875681762
2023-07-10,1.1161187236964767
2023-07-11,1.1009673130074458
2023-07-12,1.0869039403336072
2023-07-13,1.0997182274717132
2023-07-14,1.1053005664938458
2023-07-17,1.098649737344737
2023-07-18,1.0995811717457784
2023-07-19,1.0642329767581655
2023-07-20,1.0725586156667053
2023-07-21,1.0875332899094714
2023-07-24,1.06689137560222
2023-07-25,1.0676741131045833
2023-07-26,1.0449605981066044
2023-07-27,1.057213574738147
2023-07-28,1.0594153187941966
2023-07-31,1.0493248733774365
2023-08-01,1.0605919594137916
2023-08-02,1.0685156292367728
2023-08-03,1.0552850821013071
2023-08-04,1.0415780250324147
2023-08-07,1.0465828501877297
2023-08-08,1.0555714273327248
2023-08-09,1.06449632970975
2023-08-10,1.0778987489882124
2023-08-11,1.0332625021602935
2023-08-14,1.0164002698873498
2023-08-15,1.0055876106578372
2023-08-16,0.9930231045476942
2023-08-17,0.9850794230932536
2023-08-18,0.9794498076439117
2023-08-21,0.9970381965272666
2023-08-22,0.9890769065674397
2023-08-23,0.9743437957856456
2023-08-24,0.9444113450086651
2023-08-25,0.9523353906253792
2023-08-28,0.9355481265373201
2023-08-29,0.9406632768261627
2023-08-30,0.9393627928030379
2023-08-31,0.9551017483369566
2023-09-01,0.9331102080533923
2023-09-05,0.9271704698303092
2023-09-06,0.9198888646998926
2023-09-07,0.9186987039492543
2023-09-08,0.8683647094740967
2023-09-11,0.8750837226661953
2023-09-12,0.8748359362249571
2023-09-13,0.8681174143230732
2023-09-14,0.8547034668676428
2023-09-15,0.8695348347462638
2023-09-18,0.8631221974191324
2023-09-19,0.8567527741710401
2023-09-20,0.8556018120222718
2023-09-21,0.8798931189478438
2023-09-22,0.8825665360485516
2023-09-25,0.8844417084459116
2023-09-26,0.896880234422217
2023-09-27,0.8924779036316768
2023-09-28,0.88976131359365
2023-09-29,0.9004379075611723
2023-10-02,0.8967845624139137
2023-10-03,0.8755779989987198
2023-10-04,0.8838743064085919
2023-10-05,0.8936765498680419
2023-10-06,0.8903737294153296
2023-10-09,0.888767554783064
2023-10-10,0.8996067839549694
2023-10-11,0.9079900415771326
2023-10-12,0.9072307110523742
2023-10-13,0.9085030449034137
2023-10-16,0.885579248720102
2023-10-17,0.889167747749154
2023-10-18,0.9295138640916439
2023-10-19,0.9387831217827527
2023-10-20,0.9565941517815122
2023-10-23,0.9542316474997715
2023-10-24,0.9426770774751656
2023-10-25,0.9410633098989211
2023-10-26,0.9395732161218621
2023-10-27,0.9697717115227118
2023-10-30,0.9567307365833871
2023-10-31,0.963373628235477
2023-11-01,0.946714747031959
2023-11-02,0.9598827704046871
2023-11-03,0.9693489221356385
2023-11-06,0.9650791522928663
2023-11-07,0.9717244411295595
2023-11-08,1.0021836086106461
2023-11-09,1.0058199330412996
2023-11-10,0.9875602209028088
2023-11-13,0.9678391959917625
2023-11-14,0.9492914985554198
2023-11-15,0.9731224736797034
2023-11-16,0.9698527464319382
2023-11-17,0.9780876943053984
2023-11-20,0.9619494904369442
2023-11-21,0.9640642560464553
2023-11-22,0.952215111603027
2023-11-24,0.9555780061012701
2023-11-27,0.9298819531783917
2023-11-28,0.937837637709941
2023-11-29,0.9322920108253989
2023-11-30,0.9346691797377636
2023-12-01,0.928489084984677
2023-12-04,0.9331109378910709
2023-12-05,0.9211942081546328
2023-12-06,0.9259617337459035
2023-12-07,0.9327188831458882
2023-12-08,0.9319266533340046
2023-12-11,0.9475317028306194
2023-12-12,0.9472611263906953
2023-12-13,0.9265564123489444
2023-12-14,0.9272123173432525
2023-12-15,0.9410618660847139
2023-12-18,0.9270301113125703
2023-12-19,0.9312451518503587
2023-12-20,0.9258805471463644
2023-12-21,0.9279330398935183
2023-12-22,0.9247242452480513
2023-12-26,0.9173170095159722
2023-12-27,0.9327830585384023
2023-12-28,0.9414410891394183
2023-12-29,0.9414410891394183
2024-01-01,0.9286870918319415
2024-01-02,0.9415453620473622
2024-01-03,0.9468199749919053
2024-01-04,0.9585310184400408
2024-01-05,0.9833626473177415
2024-01-08,1.0029397838444876
2024-01-09,1.0165320301876393
2024-01-10,1.0355485810700544
2024-01-11,1.0534720688246062
2024-01-12,1.0671143976833697
2024-01-16,1.07457773541792
2024-01-17,1.093834302414019
2024-01-18,1.1158590587680053
2024-01-19,1.1263022043964004
2024-01-22,1.1274537638740667
2024-01-23,1.1450026138033866
2024-01-24,1.2168005279023328
2024-01-25,1.2246552521961707
2024-01-26,1.2133880527115488
2024-01-29,1.2142936648539513
2024-01-30,1.2158528681391378
2024-01-31,1.206129670655559
2024-02-01,1.1731114002125433
2024-02-02,1.1236097035580896
2024-02-05,1.1020909564843895
2024-02-06,1.109852699034987
2024-02-07,1.1193299957233562
2024-02-08,1.127512336116766
2024-02-09,1.1107695163083344
2024-02-12,1.1219798075412142
2024-02-13,1.1224954495615957
2024-02-14,1.166841958613719
2024-02-15,1.1679357017491336
2024-02-16,1.160594732074385
2024-02-20,1.1410255189308152
2024-02-21,1.226862209197962
2024-02-22,1.245946804078571
2024-02-23,1.2240100637303795
2024-02-26,1.2199700569300398
2024-02-27,1.2048656182263267
2024-02-28,1.2165888350829257
2024-02-29,1.2386478517210406
2024-03-01,1.3052262080997066
2024-03-04,1.3364950107547442
2024-03-05,1.3732871999840066
2024-03-06,1.3958053497558514
2024-03-07,1.370021381426021
2024-03-08,1.34680175321723
2024-03-11,1.3958701293658728
2024-03-12,1.4197679745594602
2024-03-13,1.4135217765058852
2024-03-14,1.407999652735048
2024-03-15,1.368933805050597
2024-03-18,1.3859934976945194
2024-03-19,1.3759920817148301
2024-03-20,1.3952042874741797
2024-03-21,1.425014968778002
2024-03-22,1.4228904331779346
2024-03-25,1.3838377523981835
2024-03-26,1.3581566608520654
2024-03-27,1.37421059083731
2024-03-28,1.3764917908619914
2024-04-01,1.4032903661354152
2024-04-02,1.4144889713496602
2024-04-03,1.37870739995111
2024-04-04,1.420601897437047
2024-04-05,1.4624717551054782
2024-04-08,1.43105650503254
2024-04-09,1.4658925127630151
2024-04-10,1.4838933915035843
2024-04-11,1.4886980943371764
2024-04-12,1.511899717814969
2024-04-15,1.4790155697906173
2024-04-16,1.4997934228418839
2024-04-17,1.5320914472445308
2024-04-18,1.5940100408768074
2024-04-19,1.6558104579184036
2024-04-22,1.6408884550054768
2024-04-23,1.7671805746365594
2024-04-24,1.7560731729347454
2024-04-25,1.8200546569166394
2024-04-26,1.6809858950023195
2024-04-29,1.7146597836304192
2024-04-30,1.6966929994558826
2024-05-01,1.7249624672374013
2024-05-02,1.7491729070644335
2024-05-03,1.7649556564221391
2024-05-06,1.7829536440546327
2024-05-07,1.7970570096393024
2024-05-08,1.794644102432121
2024-05-09,1.8243481050238592
2024-05-10,1.8111209429702895
2024-05-13,1.7908839935452838
2024-05-14,1.8409254669911908
2024-05-15,1.8480498522583488
2024-05-16,1.8157838573828098
2024-05-17,1.8512163280072964
2024-05-20,1.9069318867354765
2024-05-21,1.935733304912628
2024-05-22,1.8112959637752015
2024-05-23,1.8059163314810363
2024-05-24,1.730335504835731
2024-05-28,1.7205799574827914
2024-05-29,1.7656801596744596
2024-05-30,1.769096696493915
2024-05-31,1.7169056071272781
2024-06-03,1.6987790206581155
2024-06-04,1.6561055891336074
2024-06-05,1.6797671913103183
2024-06-06,1.6783599020318827
2024-06-07,1.6546477866864255
2024-06-10,1.6636351872745374
2024-06-11,1.6608321170766913
2024-06-12,1.6658253281866942
2024-06-13,1.6308796143549882
2024-06-14,1.679644370437761
2024-06-17,1.7206980262905358
2024-06-18,1.7358456172170278
2024-06-20,1.701024088232288
2024-06-21,1.6461701664118906
2024-06-24,1.6802802976230582
2024-06-25,1.7186625940001994
2024-06-26,1.6976832338334438
2024-06-27,1.6926233692326587
2024-06-28,1.6465947631750886
2024-07-01,1.5518400949454283
2024-07-02,1.536563267786469
2024-07-03,1.5058936640564393
2024-07-05,1.5158244664222216
2024-07-08,1.5064901806440645
2024-07-09,1.5240554763044152
2024-07-10,1.545981462802563
2024-07-11,1.5340596455139142
2024-07-12,1.5156828357338017
2024-07-15,1.4916520603555914
2024-07-16,1.4656766505186958
2024-07-17,1.4827799588039001
2024-07-18,1.4932668647818574
2024-07-19,1.4903629036074229
2024-07-22,1.4998295010691496
2024-07-23,1.5413134155362396
2024-07-24,1.5128264643790035
2024-07-25,1.5196221189492647
2024-07-26,1.467226624773849
2024-07-29,1.4455155301015015
2024-07-30,1.5074401245877715
2024-07-31,1.5065337994144952
2024-08-01,1.5250756937725374
2024-08-02,1.5088718996102906
2024-08-05,1.5307325215007332
2024-08-06,1.5254001504241772
2024-08-07,1.543973778004636
2024-08-08,1.5378514958142329
2024-08-09,1.5788442745569995
2024-08-12,1.5890689292393565
2024-08-13,1.626997934816516
2024-08-14,1.6083838068472798
2024-08-15,1.6122112092474694
2024-08-16,1.6226596819015873
2024-08-19,1.6114035337708565
2024-08-20,1.6114074417740865
2024-08-21,1.6270670178655013
2024-08-22,1.6267787854791214
2024-08-23,1.6347304467986863
2024-08-26,1.6619561394614868
2024-08-27,1.6582756468726798
2024-08-28,1.6032047645354857
2024-08-29,1.6214997123397785
2024-08-30,1.6854310920982218
2024-09-03,1.6362048399164124
2024-09-04,1.6037905513381887
2024-09-05,1.6387583353527753
2024-09-06,1.631298694255693
2024-09-09,1.6561435063136662
2024-09-10,1.7164515473102984
2024-09-11,1.706328523587336
2024-09-12,1.7083970495009355
2024-09-13,1.7120153682530743
2024-09-16,1.7248554198281487
2024-09-17,1.7388813996682864
2024-09-18,1.7094048845803775
2024-09-19,1.715715572789245
2024-09-20,1.7560999231251815
2024-09-23,1.77591628193647
2024-09-24,1.7661260922124542
2024-09-25,1.7527152750509398
2024-09-26,1.7928772298636697
2024-09-27,1.7891458472333748
2024-09-30,1.8095054558354038
2024-10-01,1.8553671050205935
2024-10-02,1.7929985839209297
2024-10-03,1.7730110792692275
2024-10-04,1.8256713165559184
2024-10-07,1.802633009286992
2024-10-08,1.8137226387562213
2024-10-09,1.8370721386233262
2024-10-10,1.7564697714788988
2024-10-11,1.7722908034962601
2024-10-14,1.7291069932056076
2024-10-15,1.7492394978542811
2024-10-16,1.758778466941381
2024-10-17,1.766408922266692
2024-10-18,1.8103558783410032
2024-10-21,1.8132395263393195
2024-10-22,1.805760639750229
2024-10-23,1.61335897234343
2024-10-24,1.5928734778254403
2024-10-25,1.578845546284455
2024-10-28,1.5657515719338855
2024-10-29,1.570426199728123
2024-10-30,1.5568475979498018
2024-10-31,1.5750368747728387
2024-11-01,1.5518343469205496
2024-11-04,1.5463718131488104
2024-11-05,1.4638183877467152
2024-11-06,1.4589981545499966
2024-11-07,1.5248540538119177
2024-11-08,1.4443049908252668
2024-11-11,1.5037500163814994
2024-11-12,1.517995952271564
2024-11-13,1.5643454483761312
2024-11-14,1.6138035921711522
2024-11-15,1.5580688404388683
2024-11-18,1.5795057909988266
2024-11-19,1.5764629371383856
2024-11-20,1.5667393284036029
2024-11-21,1.511726959361324
2024-11-22,1.5101012114269334
2024-11-25,1.51590161985686
2024-11-26,1.5126844143654972
2024-11-27,1.5242945003084596
2024-11-29,1.5000419400648615
2024-12-02,1.5207727104924604
2024-12-03,1.533140458953841
2024-12-04,1.5582680742790342
2024-12-05,1.502593197058609
2024-12-06,1.482346760440086
2024-12-09,1.4410806709941528
2024-12-10,1.4209695755325615
2024-12-11,1.4220763222804482
2024-12-12,1.3752469796358133
2024-12-13,1.3214958785941227
2024-12-16,1.2894032693649173
2024-12-17,1.335466583497844
2024-12-18,1.3202932029263337
2024-12-19,1.2771161758590373
2024-12-20,1.2680217408770258
2024-12-23,1.3121697331926048
2024-12-24,1.322379255693156
2024-12-26,1.3034651804710833
2024-12-27,1.2796662309261269
2024-12-30,1.2737563532754772
2024-12-31,1.2159584116332456
2025-01-02,1.238830940144921
2025-01-03,1.2591778242727598
2025-01-06,1.2727535299755632
2025-01-07,1.271681320671869
2025-01-08,1.2904200664003358
2025-01-10,1.2636860150232287
2025-01-13,1.2676055751148958
2025-01-14,1.2382105533032461
2025-01-15,1.2468932733203535
2025-01-16,1.2466722555039715
2025-01-17,1.2289990118568221
2025-01-21,1.1887848217378694
2025-01-22,1.1842693634122121
2025-01-23,1.1944437425593424
2025-01-24,1.1069559070798487
2025-01-27,1.1550525545897614
2025-01-28,1.1444080775402627
2025-01-29,1.1323625796878385
2025-01-30,1.1054480023318984
2025-01-31,1.118329814339106
2025-02-03,1.121225165157381
2025-02-04,1.0719536329865587
2025-02-05,1.0499664199690217
2025-02-06,1.0274250012259891
2025-02-07,0.997197031753689
2025-02-10,0.968469895786332
2025-02-11,0.9863281993021199
2025-02-12,0.9991965027505673
2025-02-13,0.9859099865584834
2025-02-14,0.9902597723891003
2025-02-18,0.9998823816004226
2025-02-19,1.011584351157856
2025-02-20,1.0147691139563995
2025-02-21,1.0195133135575716
2025-02-24,1.0479980726110787
2025-02-25,1.0079890494256527
2025-02-26,0.9805984160997313
2025-02-27,0.9808838753250769
2025-02-28,1.0095760106884135
2025-03-03,1.0404774254147202
2025-03-04,1.0328533429550004
2025-03-05,1.0321779594209357
2025-03-06,1.043603803781781
2025-03-07,1.0976559090469176
2025-03-10,1.1093482480418067
2025-03-11,1.1028750696810425
2025-03-12,1.1185830619291992
2025-03-13,1.1107243559092776
2025-03-14,1.0939012744967156
2025-03-17,1.083476316867057
2025-03-18,1.0990322571805948
2025-03-19,1.1028238616080583
2025-03-20,1.1357430820037306
2025-03-21,1.0858738357199877
2025-03-24,1.0636382868202723
2025-03-25,1.062778967003015
2025-03-26,1.0498079296364362
2025-03-27,1.0599266965618046
2025-03-28,1.0573338641727463
2025-03-31,1.0676696868831463
2025-04-01,1.0947965753705367
2025-04-02,1.0820336997590798
2025-04-03,1.0985991053024702
2025-04-04,1.0651197995978232
2025-04-07,1.0463318091300602
2025-04-08,1.0670915131244518
2025-04-09,1.0598245251192042
2025-04-10,1.0430855126490128
2025-04-11,1.0442027226521444
2025-04-14,1.0408160719733055
2025-04-15,1.0508560445791475
2025-04-16,1.0655477180827728
2025-04-17,1.0589796600430499
2025-04-21,1.0725276392190564
2025-04-22,1.080591185404176
2025-04-23,1.081265858316648
2025-04-24,1.1110004741610946
2025-04-25,1.0977761679208606
2025-04-28,1.087432440663006
2025-04-29,1.1053100835134766
2025-04-30,1.0884464415475317
2025-05-01,1.087335763768482
2025-05-02,1.077409275656557
2025-05-05,1.0692969399342884
2025-05-06,1.054407830108487
2025-05-07,1.0694257150186017
2025-05-08,1.097938338063881
2025-05-09,1.1050861071686764
2025-05-12,1.1011881669092296
2025-05-13,1.1016867479308439
2025-05-14,1.0960629591684898
2025-05-15,1.1051957478955043
2025-05-16,1.0920439647003561
2025-05-19,1.0995949809087129
2025-05-20,1.0954410012269926
2025-05-21,1.1016683904913562
2025-05-22,1.1053100154582278
2025-05-23,1.1259432574321808
2025-05-27,1.1323727144124844
2025-05-28,1.1164053406248122
2025-05-29,1.114044798806249
2025-05-30,1.0987112666937524
2025-06-02,1.085889914348569
2025-06-03,1.0639261002058928
2025-06-04,0.9953005521667825
2025-06-05,1.0074019591487298
2025-06-06,1.0271044348361877
2025-06-09,1.051455677729741
2025-06-10,1.0560947007909998
2025-06-11,1.0362300884210214
2025-06-12,1.0571245774255875
2025-06-13,1.0532034427224561
2025-06-16,1.0348304406647657
2025-06-17,1.0392700648601154
2025-06-18,1.0452703339744984
2025-06-20,1.087130566417689
2025-06-23,1.0602669991086842
2025-06-24,1.0171747981807335
2025-06-25,1.0120861830541241
2025-06-26,0.9998370777785094
2025-06-27,0.9898544243571554
2025-06-30,0.9781362990979481
2025-07-01,0.9898314296027321
2025-07-02,0.98278559430191
2025-07-03,0.9528162548573555
2025-07-07,0.9537892427594657
2025-07-08,0.9421135904319038
2025-07-09,0.9608577305180093
2025-07-10,0.9641003180462948
2025-07-11,0.9717975160836947
2025-07-14,0.9427796396919376
2025-07-15,0.9574471287840692
2025-07-16,0.9495297726473501
2025-07-17,0.966369630086875
2025-07-18,0.9675562866712041
2025-07-21,0.9851682920487124
2025-07-22,0.9747754374228668
2025-07-23,0.9263757218845018
2025-07-24,0.9433402310363651
2025-07-25,0.9487286974912033
2025-07-28,0.9456583643738251
2025-07-29,0.9323507364823566
2025-07-30,0.920254790134627
2025-07-31,0.9225706103107283
2025-08-01,0.9160017306833471
2025-08-04,0.9196298474024103
2025-08-05,0.93330398817402
2025-08-06,0.9332349195678068
2025-08-07,0.9389380679815209
2025-08-08,0.9539412726442368
2025-08-11,0.953605548556759
2025-08-12,0.9556506232874595
2025-08-13,0.9491688650793585
2025-08-14,0.9461634160574086
2025-08-15,0.9486564464210782
2025-08-18,0.9569771492117775
2025-08-19,0.9497702929258705
2025-08-20,0.9453508426369938
2025-08-21,0.9666061166336097
2025-08-22,0.9710309205666338
2025-08-25,0.9728400509985209
2025-08-26,0.970431858719645
2025-08-27,0.9692288267607341
2025-08-28,0.9683771146120361
2025-08-29,0.9712889832250059
2025-09-02,0.97871845396765
2025-09-03,0.9822387753068526
2025-09-04,1.0133739113063622
2025-09-05,1.0237001134884578
2025-09-08,1.0170907881781008
2025-09-09,0.9987271322952018
2025-09-10,1.0293305018562577
2025-09-11,0.9933595632495404
2025-09-12,0.9754765406966276
2025-09-15,0.953826654139568
2025-09-16,0.9365152724740003
2025-09-17,0.9627815092064758
2025-09-18,0.9722544487479601
2025-09-19,0.9820643305485238
2025-09-22,0.9864640528729144
2025-09-23,1.0101205480091995
2025-09-24,0.9859373477603796
2025-09-25,1.004355484018069
2025-09-26,1.0114665532549874
